{"2.0.0": "12.2(33)XN", "2.1.0": "12.2(33)XNA", "2.1.1": "12.2(33)XNA1", "2.1.2": "12.2(33)XNA2", "2.2.0": "12.2(33)XNB", "2.2.1": "12.2(33)XNB1", "2.2.2": "12.2(33)XNB2", "2.2.2B": "12.2(33)XNB2B", "2.2.3": "12.2(33)XNB3", "2.3.0": "12.2(33)XNC", "2.3.0A": "12.2(33)XNCA", "2.3.0B": "12.2(33)XNCB", "2.3.0C": "12.2(33)XNCC", "2.3.0D": "12.2(33)XNCD", "2.3.0T": "12.2(33)XNCT", "2.3.1": "12.2(33)XNC1", "2.3.1T": "12.2(33)XNC1T", "2.3.2": "12.2(33)XNC2", "2.4.0": "12.2(33)XND", "2.4.1": "12.2(33)XND1", "2.4.2": "12.2(33)XND2", "2.4.2T": "12.2(33)XND2T", "2.4.3": "12.2(33)XND3", "2.4.4": "12.2(33)XND4", "2.5.0": "12.2(33)XNE", "2.5.1": "12.2(33)XNE1", "2.5.2": "12.2(33)XNE2", "2.6.0": "12.2(33)XNF", "2.6.1": "12.2(33)XNF1", "2.6.2": "12.2(33)XNF2", "3.1.0": "15.0(1)S", "3.1.0.S": "15.0(1)S", "3.1.0S": "15.0(1)S", "3.1.0SG": "15.0(1)XO", "3.1.0AS": "15.0(1)S0A", "3.1.0BS": "15.0(1)S0B", "3.1.0CS": "15.0(1)S0C", "3.1.1": "15.0(1)S1", "3.1.1.S": "15.0(1)S1", "3.1.1S": "15.0(1)S1", "3.1.1SG": "15.0(1)XO1", "3.1.1AS": "15.0(1)S1A", "3.1.1BS": "15.0(1)S1B", "3.1.1CS": "15.0(1)S1C", "3.1.2": "15.0(1)S2", "3.1.2.S": "15.0(1)S2", "3.1.2S": "15.0(1)S2", "3.1.2AS": "15.0(1)S2A", "3.1.2BS": "15.0(1)S2B", "3.1.2CS": "15.0(1)S2C", "3.1.3": "15.0(1)S3", "3.1.3S": "15.0(1)S3", "3.1.3AS": "15.0(1)S3A", "3.1.3BS": "15.0(1)S3B", "3.1.3CS": "15.0(1)S3C", "3.1.4": "15.0(1)S4", "3.1.4A": "15.0(1)S4A", "3.1.4AS": "15.0(1)S4A", "3.1.4S": "15.0(1)S4", "3.1.4BS": "15.0(1)S4B", "3.1.4CS": "15.0(1)S4C", "3.2.0": "15.1(1)S", "3.2.0.S": "15.1(1)S", "3.2.0S": "15.1(1)S", "3.2.0SG": "15.0(2)SG", "3.2.0AS": "15.1(1)S0A", "3.2.0BS": "15.1(1)S0B", "3.2.0CS": "15.1(1)S0C", "3.2.1": "15.1(1)S1", "3.2.1.S": "15.1(1)S1", "3.2.1S": "15.1(1)S1", "3.2.1AS": "15.1(1)S1A", "3.2.1BS": "15.1(1)S1B", "3.2.1CS": "15.1(1)S1C", "3.2.2": "15.1(1)S2", "3.2.2.S": "15.1(1)S2", "3.2.2S": "15.1(1)S2", "3.2.2AS": "15.1(1)S2A", "3.2.2BS": "15.1(1)S2B", "3.2.2CS": "15.1(1)S2C", "3.3.0": "15.1(2)S", "3.3.0.S": "15.1(2)S", "3.3.0S": "15.1(2)S", "3.3.0SG": "15.1(1)SG", "3.3.0AS": "15.1(2)S0A", "3.3.0BS": "15.1(2)S0B", "3.3.0CS": "15.1(2)S0C", "3.3.0SE": "15.0(1)EZ", "3.3.1": "15.1(2)S1", "3.3.1.S": "15.1(2)S1", "3.3.1S": "15.1(2)S1", "3.3.1SG": "15.1(1)SG1", "3.3.1AS": "15.1(2)S1A", "3.3.1BS": "15.1(2)S1B", "3.3.1CS": "15.1(2)S1C", "3.3.1SE": "15.0(1)EZ1", "3.3.2": "15.1(2)S2", "3.3.2.S": "15.1(2)S2", "3.3.2S": "15.1(2)S2", "3.3.2AS": "15.1(2)S2A", "3.3.2BS": "15.1(2)S2B", "3.3.2CS": "15.1(2)S2C", "3.3.2SE": "15.0(1)EZ2", "3.3.3SE": "15.0(1)EZ3", "3.3.4SE": "15.0(1)EZ4", "3.3.5SE": "15.1(0)EZ5", "3.4.0": "15.1(3)S", "3.4.0.S": "15.1(3)S", "3.4.0A": "15.1(3)S0A", "3.4.0AS": "15.1(3)S0A", "3.4.0S": "15.1(3)S", "3.4.0SG": "15.1(2)SG", "3.4.0BS": "15.1(3)S0B", "3.4.0CS": "15.1(3)S0C", "3.4.1": "15.1(3)S1", "3.4.1.S": "15.1(3)S1", "3.4.1S": "15.1(3)S1", "3.4.1AS": "15.1(3)S1A", "3.4.1BS": "15.1(3)S1B", "3.4.1CS": "15.1(3)S1C", "3.4.2": "15.1(3)S2", "3.4.2.S": "15.1(3)S2", "3.4.2S": "15.1(3)S2", "3.4.2AS": "15.1(3)S2A", "3.4.2BS": "15.1(3)S2B", "3.4.2CS": "15.1(3)S2C", "3.4.3": "15.1(3)S3", "3.4.3.S": "15.1(3)S3", "3.4.3S": "15.1(3)S3", "3.4.3AS": "15.1(3)S3A", "3.4.3BS": "15.1(3)S3B", "3.4.3CS": "15.1(3)S3C", "3.4.4": "15.1(3)S4", "3.4.4.S": "15.1(3)S4", "3.4.4S": "15.1(3)S4", "3.4.4AS": "15.1(3)S4A", "3.4.4BS": "15.1(3)S4B", "3.4.4CS": "15.1(3)S4C", "3.4.5": "15.1(3)S5", "3.4.5.S": "15.1(3)S5", "3.4.5S": "15.1(3)S5", "3.4.5AS": "15.1(3)S5A", "3.4.5BS": "15.1(3)S5B", "3.4.5CS": "15.1(3)S5C", "3.4.6": "15.1(3)S6", "3.4.6.S": "15.1(3)S6", "3.4.6S": "15.1(3)S6", "3.4.6AS": "15.1(3)S6A", "3.4.6BS": "15.1(3)S6B", "3.4.6CS": "15.1(3)S6C", "3.5.0": "15.2(1)S", "3.5.0.S": "15.2(1)S", "3.5.0E": "15.2(1)E", "3.5.0S": "15.2(1)S", "3.5.0AS": "15.2(1)S0A", "3.5.0BS": "15.2(1)S0B", "3.5.0CS": "15.2(1)S0C", "3.5.1": "15.2(1)S1", "3.5.1.S": "15.2(1)S1", "3.5.1S": "15.2(1)S1", "3.5.1AS": "15.2(1)S1A", "3.5.1BS": "15.2(1)S1B", "3.5.1CS": "15.2(1)S1C", "3.5.1E": "15.2(1)E1", "3.5.2": "15.2(1)S2", "3.5.2.S": "15.2(1)S2", "3.5.2S": "15.2(1)S2", "3.5.2AS": "15.2(1)S2A", "3.5.2BS": "15.2(1)S2B", "3.5.2CS":"15.2(1)S2C", "3.5.2E": "15.2(1)E2", "3.5.3E": "15.2(1)E3", "3.6.0": "15.2(2)S", "3.6.0.S": "15.2(2)S", "3.6.0E": "15.2(2)E", "3.6.0AE": "15.2(2)EA", "3.6.0S": "15.2(2)S", "3.6.0AS": "15.2(2)S0A", "3.6.0BE": "15.2(2)EB", "3.6.0BS": "15.2(2)S0B", "3.6.0CS": "15.2(2)S0C", "3.6.1": "15.2(2)S1", "3.6.1.S": "15.2(2)S1", "3.6.1S": "15.2(2)S1", "3.6.1AS": "15.2(2)S1A", "3.6.1BS": "15.2(2)S1B", "3.6.1CS": "15.2(2)S1C", "3.6.1E": "15.2(2)E1", "3.6.2": "15.2(2)S2", "3.6.2.S": "15.2(2)S2", "3.6.2S": "15.2(2)S2", "3.6.2AE": "15.2(2)E2A", "3.6.2AS": "15.2(2)S2A", "3.6.2BS": "15.2(2)S2B", "3.6.2CS": "15.2(2)S2C", "3.6.2E": "15.2(2)E2", "3.6.3E": "15.2(2)E3", "3.6.4E": "15.2(2)E4", "3.6.5E": "15.2(2)E5", "3.6.5AE": "15.2(2)E5A", "3.6.5BE": "15.2(2)E5B", "3.6.6E": "15.2(2)E6", "3.6.7E": "15.2(2)E7", "3.6.7AE": "15.2(2)E7B", "3.6.7BE": "15.2(2)E7B", "3.6.8E": "15.2(2)E8", "3.6.9E": "15.2(2)E9", "3.6.9AE": "15.2(2)E9A", "3.6.10E": "15.2(2)E10", "3.7.0": "15.2(4)S", "3.7.0.S": "15.2(4)S", "3.7.0E": "15.2(3)E", "3.7.0S": "15.2(4)S", "3.7.0AS": "15.2(4)S0A", "3.7.0BS": "15.2(4)S0B", "3.7.0CS": "15.2(4)S0C", "3.7.1": "15.2(4)S1", "3.7.1.S": "15.2(4)S1", "3.7.1S": "15.2(4)S1", "3.7.1AS": "15.2(4)S1A", "3.7.1BS": "15.2(4)S1B", "3.7.1CS": "15.2(4)S1C", "3.7.1E": "15.2(3)E1", "3.7.2": "15.2(4)S2", "3.7.2.S": "15.2(4)S2", "3.7.2S": "15.2(4)S2", "3.7.2AS": "15.2(4)S2A", "3.7.2BS": "15.2(4)S2B", "3.7.2CS": "15.2(4)S2C", "3.7.2E": "15.2(3)E2", "3.7.3": "15.2(4)S3", "3.7.3.S": "15.2(4)S3", "3.7.3S": "15.2(4)S3", "3.7.3AS": "15.2(4)S3A", "3.7.3BS": "15.2(4)S3B", "3.7.3CS": "15.2(4)S3C", "3.7.3E": "15.2(3)E3", "3.7.4": "15.2(4)S4", "3.7.4.S": "15.2(4)S4", "3.7.4E": "15.2(3)E4", "3.7.4S": "15.2(4)S4", "3.7.4AS": "15.2(4)S4A", "3.7.4BS": "15.2(4)S4B", "3.7.4CS": "15.2(4)S4C", "3.7.5": "15.2(4)S5", "3.7.5.S": "15.2(4)S5", "3.7.5E": "15.2(3)E5", "3.7.5S": "15.2(4)S5", "3.7.5AS": "15.2(4)S5A", "3.7.5BS": "15.2(4)S5B", "3.7.5CS": "15.2(4)S5C", "3.7.6": "15.2(4)S6", "3.7.6.S": "15.2(4)S6", "3.7.6S": "15.2(4)S6", "3.7.6AS": "15.2(4)S6A", "3.7.6BS": "15.2(4)S6B", "3.7.6CS": "15.2(4)S6C", "3.7.7S": "15.2(4)S7", "3.7.7.S": "15.2(4)S7", "3.7.7AS": "15.2(4)S7A", "3.7.7BS": "15.2(4)S7B", "3.7.7CS": "15.2(4)S7C", "3.7.8S": "15.2(4)S8", "3.8.0": "15.3(1)S", "3.8.0.S": "15.3(1)S", "3.8.0S": "15.3(1)S", "3.8.0AS": "15.3(1)S0A", "3.8.0BS": "15.3(1)S0B", "3.8.0CS": "15.3(1)S0C", "3.8.0E": "15.2(4)E", "3.8.1": "15.3(1)S1", "3.8.1.S": "15.3(1)S1", "3.8.1S": "15.3(1)S1", "3.8.1AS": "15.3(1)S1A", "3.8.1BS": "15.3(1)S1B", "3.8.1CS": "15.3(1)S1C", "3.8.1E": "15.2(4)E1", "3.8.2": "15.3(1)S2", "3.8.2.S": "15.3(1)S2", "3.8.2S": "15.3(1)S2", "3.8.2E": "15.2(4)E2", "3.8.3E": "15.2(4)E3", "3.8.4E": "15.2(4)E4", "3.8.5AE": "15.2(4)E5A", "3.8.5E": "15.2(4)E5", "3.8.6E": "15.2(4)E6", "3.8.7E": "15.2(4)E7", "3.8.8E": "15.2(4)E8", "3.8.9E": "15.2(4)E9", "3.8.10E": "15.2(4)E10", "3.9.0": "15.3(2)S", "3.9.0.S": "15.3(2)S0", "3.9.0S": "15.3(2)S", "3.9.0AS": "15.3(2)S0A", "3.9.0BS": "15.3(2)S0B", "3.9.0CS": "15.3(2)S0C", "3.9.0E": "15.2(5)E", "3.9.1": "15.3(2)S1", "3.9.1.S": "15.3(2)S1", "3.9.1S": "15.3(2)S1", "3.9.1AS": "15.3(2)S1A", "3.9.1BS": "15.3(2)S1B", "3.9.1CS": "15.3(2)S1C", "3.9.1E": "15.2(5)E1", "3.9.2": "15.3(2)S2", "3.9.2.S": "15.3(2)S2", "3.9.2S": "15.3(2)S2", "3.9.2AS": "15.3(2)S2A", "3.9.2BE": "15.2(5)E2B", "3.9.2BS": "15.3(2)S2B", "3.9.2CS": "15.3(2)S2C", "3.9.2E": "15.2(5)E2", "3.10.0": "15.3(3)S0", "3.10.0.S": "15.3(3)S", "3.10.0E": "15.2(6)E", "3.10.0S": "15.3(3)S", "3.10.0AS": "15.3(3)S0A", "3.10.0BS": "15.3(3)S0B", "3.10.0CE": "15.2(6)EC", "3.10.0CS": "15.3(3)S0C", "3.10.1": "15.3(3)S1", "3.10.1.S": "15.3(3)S1", "3.10.1E": "15.2(6)E1", "3.10.1S": "15.3(3)S1", "3.10.1AE": "15.2(6)E1A", "3.10.1AS": "15.3(3)S1A", "3.10.1BS": "15.3(3)S1B", "3.10.1CS": "15.3(3)S1C", "3.10.2.S": "15.3(3)S2", "3.10.2E": "15.2(6)E2", "3.10.3E": "15.2(6)E3", "3.10.2S": "15.3(3)S2", "3.10.2AS": "15.3(3)S2A", "3.10.2BS": "15.3(3)S2B", "3.10.2CS": "15.3(3)S2C", "3.10.3.S": "15.3(3)S3", "3.10.3S": "15.3(3)S3", "3.10.3AS": "15.3(3)S3A", "3.10.3BS": "15.3(3)S3B", "3.10.3CS": "15.3(3)S3C", "3.10.4.S": "15.3(3)S4", "3.10.4S": "15.3(3)S4", "3.10.4AS": "15.3(3)S4A", "3.10.4BS": "15.3(3)S4B", "3.10.4CS": "15.3(3)S4C", "3.10.5.S": "15.3(3)S5", "3.10.5S": "15.3(3)S5", "3.10.5AS": "15.3(3)S5A", "3.10.5BS": "15.3(3)S5B", "3.10.5CS": "15.3(3)S5C", "3.10.6.S": "15.3(3)S6", "3.10.6S": "15.3(3)S6", "3.10.6AS": "15.3(3)S6A", "3.10.6BS": "15.3(3)S6B", "3.10.6CS": "15.3(3)S6C", "3.10.7.S": "15.3(3)S7", "3.10.7S": "15.3(3)S7", "3.10.7AS": "15.3(3)S7A", "3.10.7BS": "15.3(3)S7B", "3.10.7CS": "15.3(3)S7C", "3.10.8.S": "15.3(3)S8", "3.10.8A.S": "15.3(3)S8A", "3.10.8S": "15.3(3)S8", "3.10.8AS": "15.3(3)S8A", "3.10.8BS": "15.3(3)S8B", "3.10.8CS": "15.3(3)S8C", "3.10.9.S": "15.3(3)S9", "3.10.9S": "15.3(3)S9", "3.10.9AS": "15.3(3)S9A", "3.10.9BS": "15.3(3)S9B", "3.10.9CS": "15.3(3)S9C", "3.10.10S": "15.3(3)S10", "3.10.10.S": "15.3(3)S10", "3.10.10AS": "15.3(3)S10A", "3.10.10BS": "15.3(3)S10B", "3.10.10CS": "15.3(3)S10C", "3.11.0": "15.4(1)S", "3.11.0.S": "15.4(1)S", "3.11.0S": "15.4(1)S", "3.11.0AS": "15.4(1)S0A", "3.11.0BS": "15.4(1)S0B", "3.11.0CS": "15.4(1)S0C", "3.11.0E": "15.2(7)E", "3.11.1": "15.4(1)S1", "3.11.1.S": "15.4(1)S1", "3.11.1S": "15.4(1)S1", "3.11.1AS": "15.4(1)S1A", "3.11.1BS": "15.4(1)S1B", "3.11.1CS": "15.4(1)S1C", "3.11.1AE": "15.2(7)E1A", "3.11.1E": "15.2(7)E1", "3.11.2.S": "15.4(1)S2", "3.11.2S": "15.4(1)S2", "3.11.2AS": "15.4(1)S2A", "3.11.2BS": "15.4(1)S2B", "3.11.2CS": "15.4(1)S2C", "3.11.2AE": "15.2(7)E2A", "3.11.2E": "15.2(7)E2", "3.11.3.S": "15.4(1)S3", "3.11.3S": "15.4(1)S3", "3.11.3AS": "15.4(1)S3A", "3.11.3BS": "15.4(1)S3B", "3.11.3CS": "15.4(1)S3C", "3.11.3E": "15.2(7)E3", "3.11.3AE": "15.2(7)E3", "3.11.4.S": "15.4(1)S4", "3.11.4S": "15.4(1)S4", "3.11.4AS": "15.4(1)S4A", "3.11.4BS": "15.4(1)S4B", "3.11.4CS": "15.4(1)S4C", "3.11.4E": "15.2(7)E4", "3.11.5E": "15.2(7)E5", "3.11.6E": "15.2(7)E6", "3.12.0.S": "15.4(2)S", "3.12.0S": "15.4(2)S", "3.12.0AS": "15.4(2)S0A", "3.12.0BS": "15.4(2)S0B", "3.12.0CS": "15.4(2)S0C", "3.12.1.S": "15.4(2)S1", "3.12.1S": "15.4(2)S1", "3.12.1AS": "15.4(2)S1A", "3.12.1BS": "15.4(2)S1B", "3.12.1CS": "15.4(2)S1C", "3.12.2.S": "15.4(2)S2", "3.12.2S": "15.4(2)S2", "3.12.2AS": "15.4(2)S2A", "3.12.2BS": "15.4(2)S2B", "3.12.2CS": "15.4(2)S2C", "3.12.3.S": "15.4(2)S3", "3.12.3S": "15.4(2)S3", "3.12.3AS": "15.4(2)S3A", "3.12.3BS": "15.4(2)S3B", "3.12.3CS": "15.4(2)S3C", "3.12.4S": "15.4(2)S4", "3.12.4AS": "15.4(2)S4A", "3.12.4BS": "15.4(2)S4B", "3.12.4CS": "15.4(2)S4C", "3.13.0.S": "15.4(3)S", "3.13.0S": "15.4(3)S", "3.13.0AS": "15.4(3)S0A", "3.13.0BS": "15.4(3)S0B", "3.13.0CS": "15.4(3)S0C", "3.13.1.S": "15.4(3)S1", "3.13.1S": "15.4(3)S1", "3.13.1AS": "15.4(3)S1A", "3.13.1BS": "15.4(3)S1B", "3.13.1CS": "15.4(3)S1C", "3.13.2.S": "15.4(3)S2", "3.13.2S": "15.4(3)S2", "3.13.2AS": "15.4(3)S2A", "3.13.2SA": "15.4(3)S2A", "3.13.2BS": "15.4(3)S2B", "3.13.2CS": "15.4(3)S2C", "3.13.3.S": "15.4(3)S3", "3.13.3S": "15.4(3)S3", "3.13.3AS": "15.4(3)S3A", "3.13.3BS": "15.4(3)S3B", "3.13.3CS": "15.4(3)S3C", "3.13.4.S": "15.4(3)S4", "3.13.4S": "15.4(3)S4", "3.13.4AS": "15.4(3)S4A", "3.13.4BS": "15.4(3)S4B", "3.13.4CS": "15.4(3)S4C", "3.13.5S": "15.4(3)S5", "3.13.5.S": "15.4(3)S5", "3.13.5A.S": "15.4(3)S5A", "3.13.5AS": "15.4(3)S5A", "3.13.5BS": "15.4(3)S5B", "3.13.5CS": "15.4(3)S5C", "3.13.6S": "15.4(3)S6", "3.13.6.S": "15.4(3)S6", "3.13.6A.S": "15.4(3)S6A", "3.13.6AS": "15.4(3)S6A", "3.13.6BS": "15.4(3)S6B", "3.13.6CS": "15.4(3)S6C", "3.13.7S": "15.4(3)S7", "3.13.7.S": "15.4(3)S7", "3.13.7AS": "15.4(3)S7A", "3.13.7BS": "15.4(3)S7B", "3.13.7CS": "15.4(3)S7C", "3.13.8.S": "15.4(3)S8", "3.13.8S": "15.4(3)S8", "3.13.8AS": "15.4(3)S8A", "3.13.8BS": "15.4(3)S8B", "3.13.8CS": "15.4(3)S8C", "3.13.9.S": "15.4(3)S9", "3.13.9S": "15.4(3)S9", "3.13.9AS": "15.4(3)S9A", "3.13.9BS": "15.4(3)S9B", "3.13.9CS": "15.4(3)S9C", "3.13.10S": "15.4(3)S10", "3.13.10.S": "15.4(3)S10", "3.13.10AS": "15.4(3)S10A", "3.13.10BS": "15.4(3)S10B", "3.13.10CS": "15.4(3)S10C", "3.14.0.S": "15.5(1)S", "3.14.0S": "15.5(1)S", "3.14.0AS": "15.5(1)S0A", "3.14.0BS": "15.5(1)S0B", "3.14.0CS": "15.5(1)S0C", "3.14.1.S": "15.5(1)S1", "3.14.1S": "15.5(1)S1", "3.14.1AS": "15.5(1)S1A", "3.14.1BS": "15.5(1)S1B", "3.14.1CS": "15.5(1)S1C", "3.14.2.S": "15.5(1)S2", "3.14.2S": "15.5(1)S2", "3.14.2AS": "15.5(1)S2A", "3.14.2BS": "15.5(1)S2B", "3.14.2CS": "15.5(1)S2C", "3.14.3.S": "15.5(1)S3", "3.14.3S": "15.5(1)S3", "3.14.3AS": "15.5(1)S3A", "3.14.3BS": "15.5(1)S3B", "3.14.3CS": "15.5(1)S3C", "3.14.4.S": "15.5(1)S4", "3.14.4S": "15.5(1)S4", "3.14.4AS": "15.5(1)S4A", "3.14.4BS": "15.5(1)S4B", "3.14.4CS": "15.5(1)S4C", "3.15.0.S": "15.5(2)S", "3.15.0S": "15.5(2)S", "3.15.0AS": "15.5(2)S0A", "3.15.0BS": "15.5(2)S0B", "3.15.0CS": "15.5(2)S0C", "3.15.1.S": "15.5(2)S1", "3.15.1S": "15.5(2)S1", "3.15.1AS": "15.5(2)S1A", "3.15.1BS": "15.5(2)S1B", "3.15.1CS": "15.5(2)S1C", "3.15.2.S": "15.5(2)S2", "3.15.2S": "15.5(2)S2", "3.15.2AS": "15.5(2)S2A", "3.15.2BS": "15.5(2)S2B", "3.15.2CS": "15.5(2)S2C", "3.15.3.S": "15.5(2)S3", "3.15.3S": "15.5(2)S3", "3.15.3AS": "15.5(2)S3A", "3.15.3BS": "15.5(2)S3B", "3.15.3CS": "15.5(2)S3C", "3.15.4.S": "15.5(2)S4", "3.15.4S": "15.5(2)S4", "3.15.4AS": "15.5(2)S4A", "3.15.4BS": "15.5(2)S4B", "3.15.4CS": "15.5(2)S4C", "3.16S": "15.5(3)S", "3.16.0.S": "15.5(3)S", "3.16.0S": "15.5(3)S", "3.16.0AS": "15.5(3)S0A", "3.16.0BS": "15.5(3)S0B", "3.16.0CS": "15.5(3)S0C", "3.16.1.S": "15.5(3)S1", "3.16.1S": "15.5(3)S1", "3.16.1A.S": "15.5(3)S1A", "3.16.1AS": "15.5(3)S1A", "3.16.1BS": "15.5(3)S1B", "3.16.1CS": "15.5(3)S1C", "3.16.2S": "15.5(3)S2", "3.16.2.S": "15.5(3)S2", "3.16.2A.S": "15.5(3)S2A", "3.16.2AS": "15.5(3)S2A", "3.16.2B.S": "15.5(3)S2B", "3.16.2BS": "15.5(3)S2B", "3.16.2CS": "15.5(3)S2C", "3.16.3.S": "15.5(3)S3", "3.16.3S": "15.5(3)S3", "3.16.3AS": "15.5(3)S3A", "3.16.3BS": "15.5(3)S3B", "3.16.3CS": "15.5(3)S3C", "3.16.4.S": "15.5(3)S4", "3.16.4S": "15.5(3)S4", "3.16.4A.S": "15.5(3)S4A", "3.16.4AS": "15.5(3)S4A", "3.16.4B.S": "15.5(3)S4B", "3.16.4BS": "15.5(3)S4B", "3.16.4CS": "15.5(3)S4C", "3.16.4DS": "15.5(3)S4D", "3.16.4ES": "15.5(3)S4E", "3.16.4F.S": "15.5(3)S4F", "3.16.4FS": "15.5(3)S4F", "3.16.4G.S": "15.5(3)S4G", "3.16.4GS": "15.5(3)S4G", "3.16.5.S": "15.5(3)S5", "3.16.5S": "15.5(3)S5", "3.16.5AS": "15.5(3)S5A", "3.16.5BS": "15.5(3)S5B", "3.16.5CS": "15.5(3)S5C", "3.16.6.S": "15.5(3)S6", "3.16.6S": "15.5(3)S6", "3.16.6AS": "15.5(3)S6A", "3.16.6BS": "15.5(3)S6B", "3.16.6CS": "15.5(3)S6C", "3.16.7.S": "15.5(3)S7", "3.16.7S": "15.5(3)S7", "3.16.7AS": "15.5(3)S7A", "3.16.7BS": "15.5(3)S7B", "3.16.7CS": "15.5(3)S7C", "3.16.8.S": "15.5(3)S8", "3.16.8S": "15.5(3)S8", "3.16.8AS": "15.5(3)S8A", "3.16.8BS": "15.5(3)S8B", "3.16.8CS": "15.5(3)S8C", "3.16.9.S": "15.5(3)S9", "3.16.9S": "15.5(3)S9", "3.16.9AS": "15.5(3)S9A", "3.16.9BS": "15.5(3)S9B", "3.16.9CS": "15.5(3)S9C", "3.16.10.S": "15.5(3)S10", "3.16.10S": "15.5(3)S10", "3.16.10AS": "15.5(3)S10A", "3.16.10BS": "15.5(3)S10B", "3.16.10CS": "15.5(3)S10C", "3.17S": "15.6(1)S", "3.17.0S": "15.6(1)S", "3.17.0AS": "15.6(1)S0A", "3.17.0BS": "15.6(1)S0B", "3.17.0CS": "15.6(1)S0C", "3.17.1S": "15.6(1)S1", "3.17.1AS": "15.6(1)S1A", "3.17.1BS": "15.6(1)S1B", "3.17.1CS": "15.6(1)S1C", "3.17.2S": "15.6(1)S2", "3.17.2AS": "15.6(1)S2A", "3.17.2BS": "15.6(1)S2B", "3.17.2CS": "15.6(1)S2C", "3.17.3S": "15.6(1)S3", "3.17.3AS": "15.6(1)S3A", "3.17.3BS": "15.6(1)S3B", "3.17.3CS": "15.6(1)S3C", "3.17.4S": "15.6(1)S4", "3.17.4AS": "15.6(1)S4A", "3.17.4BS": "15.6(1)S4B", "3.17.4CS": "15.6(1)S4C", "3.18.0S": "15.6(2)S", "3.18.0AS": "15.6(2)S0A", "3.18.0BS": "15.6(2)S0B", "3.18.0CS": "15.6(2)S0C", "3.18.0SP": "15.6(2)SP", "3.18.1S": "15.6(2)S1", "3.18.1AS": "15.6(2)S1A", "3.18.1ASP": "15.6(2)SP1A", "3.18.1SP": "15.6(2)SP1", "3.18.1BS": "15.6(2)S1B", "3.18.1BSP": "15.6(2)SP1B", "3.18.1CS": "15.6(2)S1C", "3.18.1CSP": "15.6(2)SP1C", "3.18.1GSP": "15.6(2)SP1G", "3.18.1HSP": "15.6(2)SP1H", "3.18.1ISP": "15.6(2)SP1I", "3.18.2S": "15.6(2)S2", "3.18.2AS": "15.6(2)S2A", "3.18.2ASP": "15.6(2)SP2A", "3.18.2SP": "15.6(2)SP2", "3.18.2BS": "15.6(2)S2B", "3.18.2CS": "15.6(2)S2C", "3.18.3S": "15.6(2)S3", "3.18.3AS": "15.6(2)S3A", "3.18.3ASP": "15.6(2)SP3A", "3.18.3BS": "15.6(2)S3B", "3.18.3BSP": "15.6(2)SP3B", "3.18.3CS": "15.6(2)S3C", "3.18.3SP": "15.6(2)SP3", "3.18.4S": "15.6(2)S4", "3.18.4AS": "15.6(2)S4A", "3.18.4BS": "15.6(2)S4B", "3.18.4CS": "15.6(2)S4C", "3.18.4SP": "15.6(2)SP4", "3.18.5SP": "15.6(2)SP5", "3.18.6SP": "15.6(2)SP6", "3.18.7SP": "15.6(2)SP7", "3.18.8SP": "15.6(2)SP8", "3.18.8ASP": "15.6(2)SP8A", "3.18.9SP": "15.6(2)SP9"} 