<?xml version="1.0" encoding="UTF-8"?>

<oval_definitions
	xmlns="http://oval.mitre.org/XMLSchema/oval-definitions-5" xmlns:oval="http://oval.mitre.org/XMLSchema/oval-common-5" xmlns:xsi="http://www.w3.org/2001/XMLSchema-instance" xsi:schemaLocation="http://oval.mitre.org/XMLSchema/oval-common-5 oval-common-schema.xsd http://oval.mitre.org/XMLSchema/oval-definitions-5 oval-definitions-schema.xsd">
	
	<generator>
		<oval:product_name>{data[product]}</oval:product_name>
      	<oval:product_version>6.4.2</oval:product_version>
      	<oval:schema_version>5.11.2</oval:schema_version>
      	<oval:timestamp>{data[date]}</oval:timestamp>
	</generator>

	<definitions>
		<definition class="inventory" id="oval:org.{data[company]}.cisco.asa.cve:def:4000" version="1">
			<metadata>
				<title>Cisco ASA is Installed</title>
				<affected family="asa">
					<platform>Cisco</platform>
				</affected>
				<reference ref_id="cpe:2.3:a:cisco:adaptive_security_appliance" source="CPE"/>
				<description>Cisco ASA is Installed</description>
			</metadata>
			<criteria>
				<criterion test_ref="oval:org.{data[company]}.cisco.asa.cve:tst:4000" comment="Check For Cisco ASA is Installed"/>
			</criteria>
		</definition>
		<definition class="vulnerability" id="oval:org.{data[company]}.cisco.asa.cve:def:{data[cve_raw]}0001" version="1">
			<metadata>
				<title>{data[title]} - {data[cve]}</title>
				<affected family="asa">
					<platform>Cisco</platform>
				</affected>
				<reference ref_id="{data[cve]}" source="CVE" ref_url="https://nvd.nist.gov/vuln/detail/{data[cve]}"/> 
				<reference ref_id="{data[adid]}" source="Vendor Advisory" ref_url="https://tools.cisco.com/security/center/content/CiscoSecurityAdvisory/{data[adid]}" />
				<reference ref_id="{data[bugid]}" source="Vendor Bug Search Tool" ref_url="https://bst.cloudapps.cisco.com/bugsearch/bug/{data[bugid]}" />
				<description>{data[desc]}</description>
			</metadata>
			<criteria operator="AND">
					<extend_definition definition_ref="oval:org.{data[company]}.cisco.asa.cve:def:4000" comment="Cisco ASA is Installed"/>
					<criterion test_ref="oval:org.{data[company]}.cisco.asa.cve:tst:{data[cve_raw]}0001" comment="Check for ASA Affected Version" />
			</criteria>
		</definition>
	</definitions>
	<tests>
		<line_test xmlns="http://oval.mitre.org/XMLSchema/oval-definitions-5#asa" check="all" comment="Check For Cisco ASA is Installed" id="oval:org.{data[company]}.cisco.asa.cve:tst:4000" version="1">
         <object object_ref="oval:org.{data[company]}.cisco.asa.cve:obj:4000" />
         <state state_ref="oval:org.{data[company]}.cisco.asa.cve:ste:4000" />
      </line_test>
      <line_test xmlns="http://oval.mitre.org/XMLSchema/oval-definitions-5#asa" check="at least one" comment="Check for ASA Affected Version" id="oval:org.{data[company]}.cisco.asa.cve:tst:{data[cve_raw]}0001" version="1">
         <object object_ref="oval:org.{data[company]}.cisco.asa.cve:obj:4000" />
         <state state_ref="oval:org.{data[company]}.cisco.asa.cve:ste:{data[cve_raw]}0001" />
      </line_test>
	</tests>
	<objects>
		<line_object xmlns="http://oval.mitre.org/XMLSchema/oval-definitions-5#asa" comment="Object for Cisco ASA `show version`" id="oval:org.{data[company]}.cisco.asa.cve:obj:4000" version="1">
         <show_subcommand>show version</show_subcommand>
      </line_object>
	</objects>
	<states>
		<line_state xmlns="http://oval.mitre.org/XMLSchema/oval-definitions-5#asa" comment="State for cisco ASA" id="oval:org.{data[company]}.cisco.asa.cve:ste:4000" version="1">
         <config_line operation="pattern match">^Cisco\sAdaptive\sSecurity\sAppliance\sSoftware</config_line>
      </line_state>
      <line_state xmlns="http://oval.mitre.org/XMLSchema/oval-definitions-5#asa" id="oval:org.{data[company]}.cisco.asa.cve:ste:{data[cve_raw]}0001" version="1" comment="State for Cisco ASA affected versions">
         <config_line operation="pattern match" var_ref="oval:org.{data[company]}.cisco.asa.cve:var:{data[cve_raw]}0001" var_check="at least one" />
      </line_state>
  	</states>
	<variables>
		<constant_variable datatype="string" id="oval:org.{data[company]}.cisco.asa.cve:var:{data[cve_raw]}0001" comment="Cisco ASA affected versions" version="1">
		</constant_variable>
	</variables>
</oval_definitions>