<?xml version="1.0" encoding="UTF-8"?>
<oval_definitions xmlns:freebsd-def="http://oval.mitre.org/XMLSchema/oval-definitions-5#freebsd" xmlns:junos-def="http://oval.mitre.org/XMLSchema/oval-definitions-5#junos" xmlns:oval="http://oval.mitre.org/XMLSchema/oval-common-5" xmlns:windows-def="http://oval.mitre.org/XMLSchema/oval-definitions-5#windows" xmlns:pan-def="http://oval.mitre.org/XMLSchema/oval-definitions-5#panos" xmlns:asa-def="http://oval.mitre.org/XMLSchema/oval-definitions-5#asa" xmlns:nxos-def="http://oval.mitre.org/XMLSchema/oval-definitions-5#nxos" xmlns:esx-def="http://oval.mitre.org/XMLSchema/oval-definitions-5#esx" xmlns:x-net-def="http://oval.mitre.org/XMLSchema/oval-definitions-5#x-protocols" xmlns:solaris-def="http://oval.mitre.org/XMLSchema/oval-definitions-5#solaris" xmlns:joval-meta="http://jovalcm.com/oval/metadata" xmlns:dcterms="http://purl.org/dc/terms/" xmlns:catos-def="http://oval.mitre.org/XMLSchema/oval-definitions-5#catos" xmlns:pixos-def="http://oval.mitre.org/XMLSchema/oval-definitions-5#pixos" xmlns:x-cmd-def="http://oval.mitre.org/XMLSchema/oval-definitions-5#cmd" xmlns:android-def="http://oval.mitre.org/XMLSchema/oval-definitions-5#android" xmlns:sharepoint-def="http://oval.mitre.org/XMLSchema/oval-definitions-5#sharepoint" xmlns:apple-ios-def="http://oval.mitre.org/XMLSchema/oval-definitions-5#apple_ios" xmlns:iosxe-def="http://oval.mitre.org/XMLSchema/oval-definitions-5#iosxe" xmlns:aix-def="http://oval.mitre.org/XMLSchema/oval-definitions-5#aix" xmlns:ind-def="http://oval.mitre.org/XMLSchema/oval-definitions-5#independent" xmlns:dc="http://purl.org/dc/elements/1.1/" xmlns="http://oval.mitre.org/XMLSchema/oval-definitions-5" xmlns:win-def="http://oval.mitre.org/XMLSchema/oval-definitions-5#windows" xmlns:dsig="http://www.w3.org/2000/09/xmldsig#" xmlns:netconf-def="http://oval.mitre.org/XMLSchema/oval-definitions-5#netconf" xmlns:hpux-def="http://oval.mitre.org/XMLSchema/oval-definitions-5#hpux" xmlns:apache-def="http://oval.mitre.org/XMLSchema/oval-definitions-5#apache" xmlns:ios-def="http://oval.mitre.org/XMLSchema/oval-definitions-5#ios" xmlns:linux-def="http://oval.mitre.org/XMLSchema/oval-definitions-5#linux" xmlns:tm="http://scap.nist.gov/schema/xml-dsig/1.0" xmlns:macos-def="http://oval.mitre.org/XMLSchema/oval-definitions-5#macos">
  <generator>
    <oval:product_name>Tanium Comply</oval:product_name>
    <oval:product_version>6.5.0</oval:product_version>
    <oval:schema_version>5.11.2</oval:schema_version>
    <oval:timestamp>2023-10-04T12:06:13.144+05:30</oval:timestamp>
  </generator>
  <definitions>
    <definition id="oval:org.tanium.windows.oracle.essbase.cve:def:1000" version="1" class="inventory" deprecated="false">
      <metadata>
        <title>Oracle essbase is installed on Windows</title>
        <affected family="windows">
          <platform>Microsoft Windows XP</platform>
          <platform>Microsoft Windows Server 2003</platform>
          <platform>Microsoft Windows Vista</platform>
          <platform>Microsoft Windows Server 2008</platform>
          <platform>Microsoft Windows 7</platform>
          <platform>Microsoft Windows Server 2008 R2</platform>
          <platform>Microsoft Windows 8</platform>
          <platform>Microsoft Windows Server 2012</platform>
          <platform>Microsoft Windows 8.1</platform>
          <platform>Microsoft Windows Server 2012 R2</platform>
          <platform>Microsoft Windows 10</platform>
          <platform>Microsoft Windows Server 2016</platform>
          <platform>Microsoft Windows 11</platform>
          <platform>Microsoft Windows Server 2019</platform>
          <platform>Microsoft Windows Server 2022</platform>
          <platform>Microsoft Windows Server 1803</platform>
          <platform>Microsoft Windows Server 1809</platform>
          <platform>Microsoft Windows Server 1903</platform>
          <platform>Microsoft Windows Server 1909</platform>
          <platform>Microsoft Windows Server 2004</platform>
          <platform>Microsoft Windows Server Semi-Annual Channel</platform>
          <product>Oracle essbase</product>
        </affected>
        <reference source="CPE" ref_id="cpe:2.3:a:oracle:essbase"/>
        <description>Oracle essbase is installed on Windows</description>
      </metadata>
      <criteria operator="AND" negate="false">
        <criterion test_ref="oval:org.tanium.windows.oracle.cve:tst:1000" negate="false" comment="Check for Registry SOFTWARE-ORACLE-KEY_OracleHome-KEY_OH Existence"/>
        <criterion test_ref="oval:org.tanium.windows.oracle.essbase.cve:tst:1001" negate="false" comment="Oracle Essbase is installed on windows (newer version)"/>
      </criteria>
    </definition>
    <definition id="oval:org.tanium.windows.oracle.essbase.cve:def:{data[cve_raw]}" version="1" class="vulnerability" deprecated="false">
      <metadata>
        <title>Oracle essbase {data[title]} - {data[cve]}</title>
        <affected family="windows">
          <platform>Microsoft Windows XP</platform>
          <platform>Microsoft Windows Server 2003</platform>
          <platform>Microsoft Windows Vista</platform>
          <platform>Microsoft Windows Server 2008</platform>
          <platform>Microsoft Windows 7</platform>
          <platform>Microsoft Windows Server 2008 R2</platform>
          <platform>Microsoft Windows 8</platform>
          <platform>Microsoft Windows Server 2012</platform>
          <platform>Microsoft Windows 8.1</platform>
          <platform>Microsoft Windows Server 2012 R2</platform>
          <platform>Microsoft Windows 10</platform>
          <platform>Microsoft Windows Server 2016</platform>
          <platform>Microsoft Windows 11</platform>
          <platform>Microsoft Windows Server 2019</platform>
          <platform>Microsoft Windows Server 2022</platform>
          <platform>Microsoft Windows Server 1803</platform>
          <platform>Microsoft Windows Server 1809</platform>
          <platform>Microsoft Windows Server 1903</platform>
          <platform>Microsoft Windows Server 1909</platform>
          <platform>Microsoft Windows Server 2004</platform>
          <platform>Microsoft Windows Server Semi-Annual Channel</platform>
          <product>Oracle essbase</product>
        </affected>
        <reference source="CVE" ref_id="{data[cve]}" ref_url="https://nvd.nist.gov/vuln/detail/{data[cve]}"/>
        <reference source="VENDOR" ref_id="{data[adid]}" ref_url="https://www.oracle.com/security-alerts/{data[adid_r]}.html"/>
        <description>{data[desc]}</description>
      </metadata>
      <criteria operator="AND" negate="false">
        <extend_definition definition_ref="oval:org.tanium.windows.oracle.essbase.cve:def:1000" negate="false" comment="Oracle essbase is installed on Windows"/>
        <criteria operator="OR" comment="Check for affected Versions and patches">
          {data[criteria]}
      </criteria>
    </criteria>
    </definition>
  </definitions>
  <tests>
   <registry_test xmlns="http://oval.mitre.org/XMLSchema/oval-definitions-5#windows" id="oval:org.tanium.windows.oracle.cve:tst:1000" version="1" check_existence="at_least_one_exists" check="at least one" state_operator="OR" comment="Check for Registry SOFTWARE-ORACLE-KEY_OracleHome-KEY_OH Existence" deprecated="false">
    <object object_ref="oval:org.tanium.windows.oracle.cve:obj:1000"/>
  </registry_test>
  <xmlfilecontent_test xmlns="http://oval.mitre.org/XMLSchema/oval-definitions-5#independent" id="oval:org.tanium.windows.oracle.essbase.cve:tst:1001" version="1" check_existence="at_least_one_exists" check="at least one" state_operator="AND" comment="Oracle essbase is installed on windows" deprecated="false">
    <object object_ref="oval:org.tanium.windows.oracle.essbase.cve:obj:1001"/>
  </xmlfilecontent_test>
  {data[versions_tests]}
  {data[pat_tests]}
</tests>
<objects>
  <registry_object xmlns="http://oval.mitre.org/XMLSchema/oval-definitions-5#windows" id="oval:org.tanium.windows.oracle.cve:obj:1000" version="1" comment="Object for ORACLE_HOME path" deprecated="false">
    <hive datatype="string" operation="equals" mask="false">HKEY_LOCAL_MACHINE</hive>
    <key datatype="string" operation="pattern match" mask="false">^SOFTWARE\\ORACLE\\(KEY_OracleHome|KEY_OH|KEY_OraHome).*$</key>
    <name datatype="string" operation="equals" mask="false">ORACLE_HOME</name>
  </registry_object>
    <xmlfilecontent_object xmlns="http://oval.mitre.org/XMLSchema/oval-definitions-5#independent" id="oval:org.tanium.windows.oracle.essbase.cve:obj:1001" version="1" comment="Object for Oracle essbase (newer version)" deprecated="false">
      <path datatype="string" operation="equals" mask="false" var_ref="oval:org.tanium.windows.oracle.cve:var:1000" var_check="at least one"/>
      <filename datatype="string" operation="equals" mask="false">registry.xml</filename>
      <xpath datatype="string" operation="equals" mask="false">//component[@name='oracle.essbase' and @status='installed']/@version</xpath>
    <filter xmlns="http://oval.mitre.org/XMLSchema/oval-definitions-5" action="include">oval:org.tanium.windows.oracle.cve:ste:1001</filter>
    </xmlfilecontent_object>
    <xmlfilecontent_object xmlns="http://oval.mitre.org/XMLSchema/oval-definitions-5#independent" id="oval:org.tanium.windows.oracle.essbase.cve:obj:142100" comment="Object that collects installed patch version (newer versions)" version="1">
      <filepath operation="pattern match" var_check="at least one" var_ref="oval:org.tanium.windows.oracle.cve:var:1001"/>
      <xpath>//patch_id[//required_components/component[contains(@internal_name, "oracle.essbase") and contains(@version, "21.")]]/@number</xpath>
      <filter xmlns="http://oval.mitre.org/XMLSchema/oval-definitions-5" action="include">oval:org.tanium.windows.oracle.essbase.cve:ste:1000</filter>
    </xmlfilecontent_object>
</objects>
<states>
 <xmlfilecontent_state xmlns="http://oval.mitre.org/XMLSchema/oval-definitions-5#independent" id="oval:org.tanium.windows.oracle.cve:ste:1001" version="1" operator="AND" comment="State for Oracle essbase" deprecated="false">
  <value_of entity_check="all" check_existence="at_least_one_exists" datatype="string" operation="pattern match" mask="false">^\d.*$</value_of>
</xmlfilecontent_state>
    <xmlfilecontent_state xmlns="http://oval.mitre.org/XMLSchema/oval-definitions-5#independent" id="oval:org.tanium.windows.oracle.essbase.cve:ste:1000" version="1" operator="AND" comment="State to filter only digit collection from patch objects" deprecated="false">
      <value_of entity_check="at least one" check_existence="at_least_one_exists" datatype="string" operation="pattern match" mask="false">\d+</value_of>
    </xmlfilecontent_state>
{data[version_states]}
{data[pat_states]}
</states>
<variables>
    <local_variable id="oval:org.tanium.windows.oracle.cve:var:1000" version="1" datatype="string" comment="Variable holds the path to ORACLE_HOME\inventory" deprecated="false">
      <concat>
        <object_component object_ref="oval:org.tanium.windows.oracle.cve:obj:1000" item_field="value"/>
        <literal_component datatype="string">\inventory</literal_component>
      </concat>
    </local_variable>
        <local_variable id="oval:org.tanium.windows.oracle.cve:var:1001" version="1" datatype="string" comment="Variable makes the .patch_storage path to from registry HKLM-SOFTWARE-ORACLE-KEY_* value (newer version)" deprecated="false">
      <concat>
        <literal_component datatype="string">^</literal_component>
        <escape_regex>
          <object_component object_ref="oval:org.tanium.windows.oracle.cve:obj:1000" item_field="value"/>
        </escape_regex>
        <literal_component datatype="string">\\\.patch_storage\\[0-9].*\\original_patch\\etc\\config\\inventory\.xml$</literal_component>
      </concat>
    </local_variable>
</variables>
</oval_definitions>
