<?xml version="1.0" encoding="UTF-8"?>
<oval_definitions xmlns:freebsd-def="http://oval.mitre.org/XMLSchema/oval-definitions-5#freebsd" xmlns:junos-def="http://oval.mitre.org/XMLSchema/oval-definitions-5#junos" xmlns:oval="http://oval.mitre.org/XMLSchema/oval-common-5" xmlns:unix-def="http://oval.mitre.org/XMLSchema/oval-definitions-5#unix" xmlns:pan-def="http://oval.mitre.org/XMLSchema/oval-definitions-5#panos" xmlns:asa-def="http://oval.mitre.org/XMLSchema/oval-definitions-5#asa" xmlns:nxos-def="http://oval.mitre.org/XMLSchema/oval-definitions-5#nxos" xmlns:esx-def="http://oval.mitre.org/XMLSchema/oval-definitions-5#esx" xmlns:x-net-def="http://oval.mitre.org/XMLSchema/oval-definitions-5#x-protocols" xmlns:solaris-def="http://oval.mitre.org/XMLSchema/oval-definitions-5#solaris" xmlns:joval-meta="http://jovalcm.com/oval/metadata" xmlns:dcterms="http://purl.org/dc/terms/" xmlns:catos-def="http://oval.mitre.org/XMLSchema/oval-definitions-5#catos" xmlns:pixos-def="http://oval.mitre.org/XMLSchema/oval-definitions-5#pixos" xmlns:x-cmd-def="http://oval.mitre.org/XMLSchema/oval-definitions-5#cmd" xmlns:android-def="http://oval.mitre.org/XMLSchema/oval-definitions-5#android" xmlns:sharepoint-def="http://oval.mitre.org/XMLSchema/oval-definitions-5#sharepoint" xmlns:apple-ios-def="http://oval.mitre.org/XMLSchema/oval-definitions-5#apple_ios" xmlns:iosxe-def="http://oval.mitre.org/XMLSchema/oval-definitions-5#iosxe" xmlns:aix-def="http://oval.mitre.org/XMLSchema/oval-definitions-5#aix" xmlns:ind-def="http://oval.mitre.org/XMLSchema/oval-definitions-5#independent" xmlns:dc="http://purl.org/dc/elements/1.1/" xmlns="http://oval.mitre.org/XMLSchema/oval-definitions-5" xmlns:win-def="http://oval.mitre.org/XMLSchema/oval-definitions-5#windows" xmlns:dsig="http://www.w3.org/2000/09/xmldsig#" xmlns:netconf-def="http://oval.mitre.org/XMLSchema/oval-definitions-5#netconf" xmlns:hpux-def="http://oval.mitre.org/XMLSchema/oval-definitions-5#hpux" xmlns:apache-def="http://oval.mitre.org/XMLSchema/oval-definitions-5#apache" xmlns:ios-def="http://oval.mitre.org/XMLSchema/oval-definitions-5#ios" xmlns:linux-def="http://oval.mitre.org/XMLSchema/oval-definitions-5#linux" xmlns:tm="http://scap.nist.gov/schema/xml-dsig/1.0" xmlns:macos-def="http://oval.mitre.org/XMLSchema/oval-definitions-5#macos">
	<generator>
		<oval:product_name>Tanium Comply</oval:product_name>
		<oval:product_version>6.5.0</oval:product_version>
		<oval:schema_version>5.11.2</oval:schema_version>
		<oval:timestamp>2023-09-06T13:03:23.144+05:30</oval:timestamp>
	</generator>
	<definitions>
		<definition id="oval:org.tanium.unix.oracle.essbase.cve:def:1001" version="1" class="inventory" deprecated="false">
			<metadata>
				<title>Oracle essbase is installed on Linux</title>
				<affected family="unix">
					<platform>Linux</platform>
					<product>Oracle essbase</product>
				</affected>
				<reference source="CPE" ref_id="cpe:2.3:a:oracle:essbase"/>
				<description>Oracle essbase is installed on Linux</description>
			</metadata>
			<criteria operator="AND" negate="false">
				<criterion test_ref="oval:org.tanium.unix.cve:tst:1000" negate="false" comment="Check installed OS is Unix family"/>
				<criterion test_ref="oval:org.tanium.unix.oracle.cve:tst:1001" negate="false" comment="Check for /etc/oraInst.loc existance on Linux"/>
				<criterion test_ref="oval:org.tanium.unix.oracle.essbase.cve:tst:1001" negate="false" comment="Oracle Essbase is installed on Linux"/>
			</criteria>
		</definition>
		<definition id="oval:org.tanium.unix.oracle.essbase.cve:def:{data[cve_raw]}" version="1" class="vulnerability" deprecated="false">
			<metadata>
				<title>Oracle essbase {data[title]} - {data[cve]}</title>
				<affected family="unix">
					<platform>Linux</platform>
					<product>Oracle essbase</product>
				</affected>
				<reference source="CVE" ref_id="{data[cve]}" ref_url="https://nvd.nist.gov/vuln/detail/{data[cve]}"/>
				<reference source="VENDOR" ref_id="{data[adid]}" ref_url="https://www.oracle.com/security-alerts/{data[adid_r]}.html"/>
				<description>{data[desc]}</description>
			</metadata>
			<criteria operator="AND" negate="false">
				<extend_definition definition_ref="oval:org.tanium.unix.oracle.essbase.cve:def:1001" negate="false" comment="Oracle essbase is installed on Linux"/>
				<criteria operator="OR" comment="Check for affected Versions and patches">
							{data[criteria]}
				</criteria>
			</criteria>
		</definition>
	</definitions>
	<tests>
		<family_test xmlns="http://oval.mitre.org/XMLSchema/oval-definitions-5#independent" id="oval:org.tanium.unix.cve:tst:1000" version="1" check_existence="at_least_one_exists" check="only one" state_operator="AND" comment="Check installed OS is Unix family" deprecated="false">
			<object object_ref="oval:org.tanium.unix.cve:obj:1000"/>
			<state state_ref="oval:org.tanium.unix.cve:ste:1000"/>
		</family_test>
		<xmlfilecontent_test xmlns="http://oval.mitre.org/XMLSchema/oval-definitions-5#independent" id="oval:org.tanium.unix.oracle.essbase.cve:tst:1001" version="1" check_existence="at_least_one_exists" check="at least one" state_operator="AND" comment="Oracle Essbase is installed on Linux" deprecated="false">
			<object object_ref="oval:org.tanium.unix.oracle.essbase.cve:obj:1002"/>
		</xmlfilecontent_test>
		<textfilecontent54_test xmlns="http://oval.mitre.org/XMLSchema/oval-definitions-5#independent" id="oval:org.tanium.unix.oracle.cve:tst:1001" version="1" check_existence="at_least_one_exists" check="at least one" state_operator="AND" comment="Check for /etc/oraInst.loc existance on Linux" deprecated="false">
			<object object_ref="oval:org.tanium.unix.oracle.cve:obj:1001"/>
		</textfilecontent54_test>
				{data[versions_tests]}
				{data[pat_tests]}
	</tests>
	<objects>
		<family_object xmlns="http://oval.mitre.org/XMLSchema/oval-definitions-5#independent" id="oval:org.tanium.unix.cve:obj:1000" version="1" comment="Object for Unix OS family" deprecated="false"/>
		<xmlfilecontent_object xmlns="http://oval.mitre.org/XMLSchema/oval-definitions-5#independent" id="oval:org.tanium.unix.oracle.essbase.cve:obj:1002" version="1" comment="Object that collects Version (newer version)" deprecated="false">
			<filepath datatype="string" operation="equals" mask="false" var_ref="oval:org.tanium.unix.oracle.essbase.cve:var:1001" var_check="at least one"/>
			<xpath datatype="string" operation="equals" mask="false">//component[@name='oracle.essbase' and @status='installed']/@version</xpath>
			<filter xmlns="http://oval.mitre.org/XMLSchema/oval-definitions-5" action="include">oval:org.tanium.unix.oracle.essbase.cve:ste:1000</filter>
		</xmlfilecontent_object>
				{data[pat_objects]}
		<xmlfilecontent_object xmlns="http://oval.mitre.org/XMLSchema/oval-definitions-5#independent" id="oval:org.tanium.unix.oracle.essbase.cve:obj:10011" version="1" comment="Object for /INVENTORY/HOME_LIST/HOME/@LOC" deprecated="false">
			<filepath datatype="string" operation="equals" mask="false" var_ref="oval:org.tanium.unix.oracle.cve:var:1001" var_check="at least one"/>
			<xpath datatype="string" operation="equals" mask="false">/INVENTORY/HOME_LIST/HOME/@LOC</xpath>
		</xmlfilecontent_object>
		<textfilecontent54_object xmlns="http://oval.mitre.org/XMLSchema/oval-definitions-5#independent" id="oval:org.tanium.unix.oracle.cve:obj:1001" version="1" comment="Object that collects /etc/oraInst.loc for Linux" deprecated="false">
			<filepath datatype="string" operation="equals" mask="false">/etc/oraInst.loc</filepath>
			<pattern datatype="string" operation="pattern match" mask="false">^inventory_loc=(.*)$</pattern>
			<instance datatype="int" operation="equals" mask="false">1</instance>
		</textfilecontent54_object>
		<xmlfilecontent_object xmlns="http://oval.mitre.org/XMLSchema/oval-definitions-5#independent" id="oval:org.tanium.unix.oracle.essbase.cve:obj:142100" version="1" comment="Object that collects installed patch version (newer version)" deprecated="false">
			<filepath datatype="string" operation="pattern match" mask="false" var_ref="oval:org.tanium.unix.oracle.essbase.cve:var:1003" var_check="at least one"/>
			<xpath datatype="string" operation="equals" mask="false">//patch_id[//required_components/component[contains(@internal_name, "oracle.essbase") and contains(@version, "21.")]]/@number</xpath>
			<filter xmlns="http://oval.mitre.org/XMLSchema/oval-definitions-5" action="include">oval:org.tanium.unix.oracle.cve:ste:1000</filter>
		</xmlfilecontent_object>
	</objects>
	<states>
		<family_state xmlns="http://oval.mitre.org/XMLSchema/oval-definitions-5#independent" id="oval:org.tanium.unix.cve:ste:1000" version="1" operator="AND" comment="State for Unix family" deprecated="false">
			<family entity_check="all" check_existence="at_least_one_exists" datatype="string" operation="equals" mask="false">unix</family>
		</family_state>
		<xmlfilecontent_state xmlns="http://oval.mitre.org/XMLSchema/oval-definitions-5#independent" id="oval:org.tanium.unix.oracle.essbase.cve:ste:1000" version="1" operator="AND" comment="State for Oracle essbase" deprecated="false">
			<value_of entity_check="all" check_existence="at_least_one_exists" datatype="string" operation="pattern match" mask="false">^\d.*$</value_of>
		</xmlfilecontent_state>
		<xmlfilecontent_state xmlns="http://oval.mitre.org/XMLSchema/oval-definitions-5#independent" id="oval:org.tanium.unix.oracle.cve:ste:1000" version="1" operator="AND" comment="State to filter only digit collection from patch objects" deprecated="false">
			<value_of entity_check="at least one" check_existence="at_least_one_exists" datatype="string" operation="pattern match" mask="false">^\d+$</value_of>
		</xmlfilecontent_state>
				{data[pat_states]}
				{data[version_states]}
	</states>
	<variables>
		<local_variable id="oval:org.tanium.unix.oracle.cve:var:1001" version="1" datatype="string" comment="Variable holds the path for ORACLE_HOME/ContentsXML/inventory.xml" deprecated="false">
			<concat>
				<object_component object_ref="oval:org.tanium.unix.oracle.cve:obj:1001" item_field="subexpression"/>
				<literal_component datatype="string">/ContentsXML/inventory.xml</literal_component>
			</concat>
		</local_variable>
		<local_variable id="oval:org.tanium.unix.oracle.essbase.cve:var:1001" version="1" datatype="string" comment="Variable holds the path to ORACLE_HOME/inventory/registry.xml" deprecated="false">
			<concat>
				<object_component object_ref="oval:org.tanium.unix.oracle.essbase.cve:obj:10011" item_field="value_of"/>
				<literal_component datatype="string">/inventory/registry.xml</literal_component>
			</concat>
		</local_variable>
		<local_variable id="oval:org.tanium.unix.oracle.essbase.cve:var:1003" version="1" datatype="string" comment="Variable holds the patch path to for Oracle Essbase" deprecated="false">
			<concat>
				<literal_component datatype="string">^</literal_component>
				<escape_regex>
					<object_component object_ref="oval:org.tanium.unix.oracle.essbase.cve:obj:10011" item_field="value_of"/>
				</escape_regex>
				<literal_component datatype="string">/\.patch_storage/\w+/original_patch/etc/config/inventory\.xml$</literal_component>
			</concat>
		</local_variable>
	</variables>
</oval_definitions>





