<?xml version="1.0" encoding="UTF-8"?>

<oval_definitions
	xmlns="http://oval.mitre.org/XMLSchema/oval-definitions-5" xmlns:oval="http://oval.mitre.org/XMLSchema/oval-common-5" xmlns:xsi="http://www.w3.org/2001/XMLSchema-instance" xsi:schemaLocation="http://oval.mitre.org/XMLSchema/oval-common-5 oval-common-schema.xsd http://oval.mitre.org/XMLSchema/oval-definitions-5 oval-definitions-schema.xsd">
	
	<generator>
		<oval:product_name>{data[product]}</oval:product_name>
      	<oval:product_version>6.4.2</oval:product_version>
      	<oval:schema_version>5.11.2</oval:schema_version>
      	<oval:timestamp>{data[date]}</oval:timestamp>
	</generator>

	<definitions>
		<definition class="inventory" id="oval:org.{data[company]}.cisco.asa.cve:def:5000" version="1">
			<metadata>
				<title>Check if Cisco FTD is configured</title>
				<description>Check For Cisco FTD</description>
				<affected family="asa">
					<platform>Cisco FTD</platform>
				</affected>
				<reference ref_id="cpe:2.3:a:cisco:firepower_threat_defense" source="CPE"/>
			</metadata>
			<criteria>
				<criterion test_ref="oval:org.{data[company]}.cisco.asa.cve:tst:5000" comment="Check For Cisco FTD"/>
			</criteria>
		</definition>
		<definition class="vulnerability" id="oval:org.{data[company]}.cisco.asa.cve:def:{data[cve_raw]}0001" version="1">
			<metadata>
				<title>{data[title]} - {data[cve]}</title>
				<description>{data[desc]}</description>
				<affected family="asa">
					<platform>Cisco ASA</platform>
				</affected>
				<reference ref_id="{data[cve]}" source="CVE" ref_url="https://nvd.nist.gov/vuln/detail/{data[cve]}"/> 
				<reference ref_id="{data[adid]}" source="Vendor Advisory" ref_url="https://tools.cisco.com/security/center/content/CiscoSecurityAdvisory/{data[adid]}" />
				<reference ref_id="{data[bugid]}" source="Vendor Bug Search Tool" ref_url="https://bst.cloudapps.cisco.com/bugsearch/bug/{data[bugid]}" />
			</metadata>
			<criteria operator="AND">
                <extend_definition definition_ref="oval:org.{data[company]}.cisco.asa.cve:def:5000" comment="Check For Cisco FTD"/>
                <criterion test_ref="oval:org.{data[company]}.cisco.asa.cve:tst:{data[cve_raw]}0001" comment="check for FTD Versions" />
			</criteria>
		</definition>
	</definitions>
	<tests>
      <line_test xmlns="http://oval.mitre.org/XMLSchema/oval-definitions-5#asa" check="all" comment="check for cisco ftd" id="oval:org.{data[company]}.cisco.asa.cve:tst:5000" version="1">
         <object object_ref="oval:org.{data[company]}.cisco.asa.cve:obj:4000" />
         <state state_ref="oval:org.{data[company]}.cisco.asa.cve:ste:5000" />
      </line_test>
      <line_test xmlns="http://oval.mitre.org/XMLSchema/oval-definitions-5#asa" check="at least one" comment="Check for FTD Version" id="oval:org.{data[company]}.cisco.asa.cve:tst:{data[cve_raw]}0001" version="1">
         <object object_ref="oval:org.{data[company]}.cisco.asa.cve:obj:4000" />
         <state state_ref="oval:org.{data[company]}.cisco.asa.cve:ste:{data[cve_raw]}0001" />
      </line_test>
	</tests>
	<objects>
		<line_object xmlns="http://oval.mitre.org/XMLSchema/oval-definitions-5#asa" comment="Output from `show version`" id="oval:org.{data[company]}.cisco.asa.cve:obj:4000" version="1">
         <show_subcommand>show version</show_subcommand>
      </line_object>
	</objects>
	<states>
      <line_state xmlns="http://oval.mitre.org/XMLSchema/oval-definitions-5#asa" comment="pattern to check for cisco ftd" id="oval:org.{data[company]}.cisco.asa.cve:ste:5000" version="1">
         <config_line operation="pattern match">Threat\sDefense</config_line>
      </line_state>
      <line_state xmlns="http://oval.mitre.org/XMLSchema/oval-definitions-5#asa" id="oval:org.{data[company]}.cisco.asa.cve:ste:{data[cve_raw]}0001" version="1" comment="Affected FTD versions">
         <config_line operation="pattern match" var_ref="oval:org.{data[company]}.cisco.asa.cve:var:{data[cve_raw]}0001" var_check="at least one" />
      </line_state>
	</states>
	<variables>
		<constant_variable datatype="string" id="oval:org.{data[company]}.cisco.asa.cve:var:{data[cve_raw]}0001" comment="FTD Versions" version="1">
		</constant_variable>
	</variables>
</oval_definitions>