<?xml version="1.0" encoding="UTF-8"?>
<oval_definitions xmlns="http://oval.mitre.org/XMLSchema/oval-definitions-5" xmlns:oval="http://oval.mitre.org/XMLSchema/oval-common-5" xmlns:xsi="http://www.w3.org/2001/XMLSchema-instance" xsi:schemaLocation="http://oval.mitre.org/XMLSchema/oval-common-5 oval-common-schema.xsd http://oval.mitre.org/XMLSchema/oval-definitions-5 oval-definitions-schema.xsd">
  <generator>
    <oval:product_name>{data[product]}</oval:product_name>
    <oval:product_version>6.4.2</oval:product_version>
    <oval:schema_version>5.11.2</oval:schema_version>
    <oval:timestamp>{data[date]}</oval:timestamp>
  </generator>
  <definitions>
    <definition id="oval:org.{data[company]}.unix.gitlab.cve:def:6000" version="1" class="inventory">
      <metadata>
        <title>GitLab is installed</title>
        <affected family="unix">
          <platform>Linux</platform>
          <product>GitLab</product>
        </affected>
        <reference source="CPE" ref_id="cpe:2.3:a:gitlab:gitlab" />
        <description>GitLab is installed</description>
      </metadata>
      <criteria operator="AND">
        <criterion test_ref="oval:org.{data[company]}.unix.gitlab.cve:tst:6000" comment="GitLab is installed"/>
        <criterion comment="Check installed OS is Unix family" test_ref="oval:org.{data[company]}.linux.cve:tst:1000"/>
      </criteria>
    </definition>
    <definition id="oval:org.{data[company]}.unix.gitlab.cve:def:{data[cve_raw]}6000" version="1" class="vulnerability">
      <metadata>
        <title>GitLab CE/EE {data[title]} - {data[cve]}</title>
        <affected family="unix">
          <platform>Linux</platform>
          <product>GitLab</product>
        </affected>
        <reference ref_id="{data[cve]}.json" source="VENDOR" ref_url="https://gitlab.com/gitlab-org/cves/-/blob/master/{data[year]}/{data[cve]}.json"/>
        <reference ref_id="{data[cve]}" source="CVE" ref_url="https://nvd.nist.gov/vuln/detail/{data[cve]}"/>
        <description>{data[desc]}</description>
      </metadata>
      <criteria operator="AND">
        <extend_definition comment="GitLab is installed" definition_ref="oval:org.{data[company]}.unix.gitlab.cve:def:6000"/>

        <criterion comment="Check for GitLab is greater than or equal {data[mb1]}" test_ref="oval:org.{data[company]}.unix.gitlab.cve:tst:11{data[omb1]}04" />
        <criterion comment="Check for GitLab is less than {data[v1]}" test_ref="oval:org.{data[company]}.unix.gitlab.cve:tst:11{data[ov1]}01" />
      </criteria>
    </definition>
  </definitions>
  <tests>
    <file_test xmlns="http://oval.mitre.org/XMLSchema/oval-definitions-5#unix" id="oval:org.{data[company]}.unix.gitlab.cve:tst:6000" check="all" check_existence="at_least_one_exists" comment="GitLab is installed" version="1">
      <object object_ref="oval:org.{data[company]}.unix.gitlab.cve:obj:6000" />
    </file_test>
    <family_test xmlns="http://oval.mitre.org/XMLSchema/oval-definitions-5#independent" check="only one" check_existence="at_least_one_exists" comment="Check installed OS is Unix family" id="oval:org.{data[company]}.linux.cve:tst:1000" version="1">
      <object object_ref="oval:org.{data[company]}.linux.cve:obj:1000"/>
      <state state_ref="oval:org.{data[company]}.linux.cve:ste:1000"/>
    </family_test>
    <textfilecontent54_test xmlns="http://oval.mitre.org/XMLSchema/oval-definitions-5#independent" id="oval:org.{data[company]}.unix.gitlab.cve:tst:11{data[omb1]}04" check="all" check_existence="at_least_one_exists" comment="Check for GitLab is greater than or equal {data[mb1]}" version="1">
      <object object_ref="oval:org.{data[company]}.unix.gitlab.cve:obj:2222600{data[patn]}" />
      <state state_ref="oval:org.{data[company]}.unix.gitlab.cve:ste:11{data[omb1]}04" />
    </textfilecontent54_test>
    <textfilecontent54_test xmlns="http://oval.mitre.org/XMLSchema/oval-definitions-5#independent" id="oval:org.{data[company]}.unix.gitlab.cve:tst:11{data[ov1]}01" check="all" check_existence="at_least_one_exists" comment="Check for GitLab is less than {data[v1]}" version="1">
      <object object_ref="oval:org.{data[company]}.unix.gitlab.cve:obj:2222600{data[patn]}" />
      <state state_ref="oval:org.{data[company]}.unix.gitlab.cve:ste:11{data[ov1]}01" />
    </textfilecontent54_test>
  </tests>
  <objects>
    <file_object xmlns="http://oval.mitre.org/XMLSchema/oval-definitions-5#unix" id="oval:org.{data[company]}.unix.gitlab.cve:obj:6000" comment="Object for GitLab install /opt/gitlab/bin/gitlab-ctl" version="1">
      <path>/opt/gitlab/bin</path>
      <filename>gitlab-ctl</filename>
    </file_object>
    <family_object xmlns="http://oval.mitre.org/XMLSchema/oval-definitions-5#independent" id="oval:org.{data[company]}.linux.cve:obj:1000" version="1" comment="Object for Unix OS family"/>
    <textfilecontent54_object xmlns="http://oval.mitre.org/XMLSchema/oval-definitions-5#independent" id="oval:org.{data[company]}.unix.gitlab.cve:obj:2222600{data[patn]}" comment="Object for GitLab version from /opt/gitlab/version-manifest.txt" version="1">
      <path>/opt/gitlab</path>
      <filename>version-manifest.txt</filename>
      <pattern operation="pattern match">{data[pat]}</pattern>
      <instance datatype="int">1</instance>
    </textfilecontent54_object>
  </objects>
  <states>
    <family_state xmlns="http://oval.mitre.org/XMLSchema/oval-definitions-5#independent" comment="State for Unix family" id="oval:org.{data[company]}.linux.cve:ste:1000" version="1">
      <family>unix</family>
    </family_state>
    <textfilecontent54_state xmlns="http://oval.mitre.org/XMLSchema/oval-definitions-5#independent" id="oval:org.{data[company]}.unix.gitlab.cve:ste:11{data[omb1]}04" version="1" comment="State for greater than or equal {data[mb1]}">
      <subexpression datatype="version" operation="greater than or equal">{data[mb1]}</subexpression>
    </textfilecontent54_state>
    <textfilecontent54_state xmlns="http://oval.mitre.org/XMLSchema/oval-definitions-5#independent" id="oval:org.{data[company]}.unix.gitlab.cve:ste:11{data[ov1]}01" version="1" comment="State for less than {data[v1]}">
      <subexpression datatype="version" operation="less than">{data[v1]}</subexpression>
    </textfilecontent54_state>
  </states>
</oval_definitions>
