<?xml version="1.0" encoding="UTF-8"?>
<oval_definitions 
	xmlns="http://oval.mitre.org/XMLSchema/oval-definitions-5"
	xmlns:oval="http://oval.mitre.org/XMLSchema/oval-common-5"
	xmlns:xsi="http://www.w3.org/2001/XMLSchema-instance"
	xsi:schemaLocation="http://oval.mitre.org/XMLSchema/oval-common-5 oval-common-schema.xsd http://oval.mitre.org/XMLSchema/oval-definitions-5 oval-definitions-schema.xsd">

	<generator>
		<oval:product_name>{data[product]}</oval:product_name>
      	<oval:product_version>6.4.2</oval:product_version>
      	<oval:schema_version>5.11.2</oval:schema_version>
	<oval:timestamp>{data[date]}</oval:timestamp>
	</generator>

	<definitions>
		<definition class="inventory" id="oval:org.{data[company]}.cisco.ios.cve:def:3000" version="1">
			<metadata>
				<title>Check For Cisco IOS</title>
				<affected family="ios">
					<platform>Cisco</platform>
				</affected>
				<reference ref_id="cpe:2.3:o:cisco:ios" source="CPE"/>
				<description>Check for Cisco IOS Installed</description>
			</metadata>
			<criteria>
				<criterion test_ref="oval:org.{data[company]}.cisco.ios.cve:tst:3000" comment="Check for Cisco IOS Installed"/>
			</criteria>
		</definition>

		<definition class="vulnerability" id="oval:org.{data[company]}.cisco.ios.cve:def:{data[cve_raw]}" version="1" >
      <metadata>
        <title>{data[title]} - {data[cve]}</title>
        <affected family="ios">
          <platform>Cisco</platform>
        </affected>
        <reference ref_id="{data[cve]}" source="CVE" ref_url="https://nvd.nist.gov/vuln/detail/{data[cve]}"/>
        <reference ref_id="{data[adid]}" source="VENDOR" ref_url="https://tools.cisco.com/security/center/content/CiscoSecurityAdvisory/{data[adid]}" />
        <reference ref_id="{data[bugid]}" source="Bug Search" ref_url="https://bst.cloudapps.cisco.com/bugsearch/bug/{data[bugid]}"/>
	<description>{data[desc]}</description>
      </metadata>
      <criteria operator="AND">
        <extend_definition definition_ref="oval:org.{data[company]}.cisco.ios.cve:def:3000" comment="Check for Cisco IOS"/>
        <criterion test_ref="oval:org.{data[company]}.cisco.ios.cve:tst:{data[cve_raw]}01" comment="Check for Cisco IOS affected version" />
      </criteria>
    </definition>
	</definitions>
	<tests>
		<line_test id="oval:org.{data[company]}.cisco.ios.cve:tst:3000" check="all" check_existence="at_least_one_exists" comment="Check for Cisco IOS Installed" xmlns="http://oval.mitre.org/XMLSchema/oval-definitions-5#ios" version="1">
			<object object_ref="oval:org.{data[company]}.cisco.ios.cve:obj:3000"/>
			<state state_ref="oval:org.{data[company]}.cisco.ios.cve:ste:3000"/>
		</line_test>
		<version55_test id="oval:org.{data[company]}.cisco.ios.cve:tst:{data[cve_raw]}01" xmlns="http://oval.mitre.org/XMLSchema/oval-definitions-5#ios" comment="Check for Cisco IOS affected versions" version="1" check_existence="at_least_one_exists" check="at least one">
			<object object_ref="oval:org.{data[company]}.cisco.ios.cve:obj:22223002"/>
			<state state_ref="oval:org.{data[company]}.cisco.ios.cve:ste:{data[cve_raw]}01"/>
		</version55_test>
	</tests>
	<objects>
		<line_object id="oval:org.{data[company]}.cisco.ios.cve:obj:3000" xmlns="http://oval.mitre.org/XMLSchema/oval-definitions-5#ios" comment="Object for Cisco IOS `show version`" version="1">
			<show_subcommand>show version</show_subcommand>
		</line_object>
		<version55_object comment="sd" id="oval:org.{data[company]}.cisco.ios.cve:obj:22223002" xmlns="http://oval.mitre.org/XMLSchema/oval-definitions-5#ios" version="1"/>
	</objects>
	<states>
		<line_state id="oval:org.{data[company]}.cisco.ios.cve:ste:3000" xmlns="http://oval.mitre.org/XMLSchema/oval-definitions-5#ios" version="1" comment="State for Cisco IOS">
			<config_line operation="pattern match">^Cisco\sIOS\sSoftware</config_line>
		</line_state>
		<version55_state id="oval:org.{data[company]}.cisco.ios.cve:ste:{data[cve_raw]}01" xmlns="http://oval.mitre.org/XMLSchema/oval-definitions-5#ios" version="1" comment="State for Cisco IOS Affected IOS Version">
			<version_string operation="case insensitive equals" var_check="at least one" var_ref="oval:org.{data[company]}.cisco.ios.cve:var:{data[cve_raw]}01"/>
		</version55_state>
	</states>
	<variables>
		<constant_variable datatype="string" id="oval:org.{data[company]}.cisco.ios.cve:var:{data[cve_raw]}01" comment="Cisco IOS affected Versions" version="1">
		{data[versions_ios]}
		</constant_variable>
	</variables>
</oval_definitions>
