<?xml version="1.0" encoding="UTF-8"?>
<oval_definitions 
	xmlns="http://oval.mitre.org/XMLSchema/oval-definitions-5"
	xmlns:oval="http://oval.mitre.org/XMLSchema/oval-common-5"
	xmlns:xsi="http://www.w3.org/2001/XMLSchema-instance"
	xsi:schemaLocation="http://oval.mitre.org/XMLSchema/oval-common-5 oval-common-schema.xsd http://oval.mitre.org/XMLSchema/oval-definitions-5 oval-definitions-schema.xsd">

	<generator>
		<oval:product_name>{data[product]}</oval:product_name>
		<oval:product_version>6.4.2</oval:product_version>
		<oval:schema_version>5.11.2</oval:schema_version>
		<oval:timestamp>{data[date]}</oval:timestamp>
	</generator>

	<definitions>
		<definition class="inventory" id="oval:org.{data[company]}.cisco.iosxe.cve:def:2000" version="2">
			<metadata>
				<title>Cisco IOS-XE is installed</title>
				<affected family="iosxe">
					<platform>Cisco</platform>
				</affected>
				<reference ref_id="cpe:2.3:o:cisco:ios_xe" source="CPE"/>
				<description>Cisco IOS-XE is installed</description>
				<oval_repository>
          <dates>
            <submitted date="2022-11-01T15:51:38.312+05:30">
              <contributor organization="Loginsoft">Loginsoft Research</contributor>
            </submitted>
            <modified date="2022-11-01T15:51:38.312+05:30" comment="Updated inventory regex">
              <contributor organization="Loginsoft">Loginsoft Research</contributor>
            </modified>
          </dates>
          <status>ACCEPTED</status>
        </oval_repository>
			</metadata>
			<criteria>
				<criterion test_ref="oval:org.{data[company]}.cisco.iosxe.cve:tst:2000" comment="Check for Cisco IOS-XE is Installed"/>
			</criteria>
		</definition>

		<definition class="vulnerability" id="oval:org.{data[company]}.cisco.iosxe.cve:def:{data[cve_raw]}" version="1">
			<metadata>
				<title>{data[title]} - {data[cve]}</title>
				<affected family="iosxe">
					<platform>Cisco</platform>
				</affected>
                <reference ref_id="{data[cve]}" source="CVE" ref_url="https://nvd.nist.gov/vuln/detail/{data[cve]}"/>
                <reference ref_id="{data[adid]}" source="VENDOR" ref_url="http://tools.cisco.com/security/center/content/CiscoSecurityAdvisory/{data[adid]}"/>
				<reference ref_id="{data[bugid]}" source="Bug Search" ref_url="https://bst.cloudapps.cisco.com/bugsearch/bug/{data[bugid]}"/>
				<description>{data[desc]}</description>
			</metadata>
			<criteria operator="AND">
				<extend_definition definition_ref="oval:org.{data[company]}.cisco.iosxe.cve:def:2000" comment="Cisco IOS-XE is Installed"/>
				<criterion test_ref="oval:org.{data[company]}.cisco.iosxe.cve:tst:{data[cve_raw]}01" comment="Check for IOS-XE Affected Version" />
			</criteria>
		</definition>
	</definitions>
	<tests>
		<line_test id="oval:org.{data[company]}.cisco.iosxe.cve:tst:2000" check="all" check_existence="at_least_one_exists" comment="Check for Cisco IOS-XE is Installed" xmlns="http://oval.mitre.org/XMLSchema/oval-definitions-5#iosxe" version="2">
			<object object_ref="oval:org.{data[company]}.cisco.iosxe.cve:obj:2000"/>
			<state state_ref="oval:org.{data[company]}.cisco.iosxe.cve:ste:2000"/>
		</line_test>
		<version_test id="oval:org.{data[company]}.cisco.iosxe.cve:tst:{data[cve_raw]}01" state_operator="OR" check_existence="at_least_one_exists" xmlns="http://oval.mitre.org/XMLSchema/oval-definitions-5#iosxe" comment="Check for IOS-XE Affected Version" version="1" check="at least one">
			<object object_ref="oval:org.{data[company]}.cisco.iosxe.cve:obj:22222001"/>
			<state state_ref="oval:org.{data[company]}.cisco.iosxe.cve:ste:{data[cve_raw]}01"/>
			<state state_ref="oval:org.{data[company]}.cisco.iosxe.cve:ste:{data[cve_raw]}02"/>
		</version_test>
	</tests>
	<objects>
		<line_object id="oval:org.{data[company]}.cisco.iosxe.cve:obj:2000" xmlns="http://oval.mitre.org/XMLSchema/oval-definitions-5#iosxe" comment="Object for Cisco IOS-XE `show version` Command" version="1">
			<show_subcommand>show version</show_subcommand>
		</line_object>
		<version_object id="oval:org.{data[company]}.cisco.iosxe.cve:obj:22222001" xmlns="http://oval.mitre.org/XMLSchema/oval-definitions-5#iosxe" comment="Object for Cisco IOS-XE version_object" version="1"/>
	</objects>
	<states>
		<line_state id="oval:org.{data[company]}.cisco.iosxe.cve:ste:2000" xmlns="http://oval.mitre.org/XMLSchema/oval-definitions-5#iosxe" version="2" comment="State for Cisco IOS-XE">
			<config_line operation="pattern match">^Cisco\sIOS.XE\sSoftware</config_line>
		</line_state>
		<version_state id="oval:org.{data[company]}.cisco.iosxe.cve:ste:{data[cve_raw]}01" xmlns="http://oval.mitre.org/XMLSchema/oval-definitions-5#iosxe" version="1" comment="State for Cisco IOS-XE Affected Version">
			<version_string operation="pattern match" var_check="at least one" var_ref="oval:org.{data[company]}.cisco.iosxe.cve:var:{data[cve_raw]}01"/>
		</version_state>
		<version_state id="oval:org.{data[company]}.cisco.iosxe.cve:ste:{data[cve_raw]}02" xmlns="http://oval.mitre.org/XMLSchema/oval-definitions-5#iosxe" version="1" comment="State for Cisco IOS-XE Affected Mapped Version">
			<version_string operation="case insensitive equals" var_check="at least one" var_ref="oval:org.{data[company]}.cisco.iosxe.cve:var:{data[cve_raw]}02"/>
		</version_state>
	</states>
	<variables>
		<constant_variable datatype="string" id="oval:org.{data[company]}.cisco.iosxe.cve:var:{data[cve_raw]}01" comment="Cisco IOS-XE affected versions" version="1">
		{data[versions]}
		</constant_variable>
		<constant_variable datatype="string" id="oval:org.{data[company]}.cisco.iosxe.cve:var:{data[cve_raw]}02" comment="Cisco IOS-XE affected Mapped versions" version="1">
		{data[versions_mapped]}
		</constant_variable>
	</variables>
</oval_definitions>
