<?xml version="1.0" encoding="UTF-8"?>
<oval_definitions xmlns:freebsd-def="http://oval.mitre.org/XMLSchema/oval-definitions-5#freebsd" xmlns:junos-def="http://oval.mitre.org/XMLSchema/oval-definitions-5#junos" xmlns:oval="http://oval.mitre.org/XMLSchema/oval-common-5" xmlns:unix-def="http://oval.mitre.org/XMLSchema/oval-definitions-5#unix" xmlns:pan-def="http://oval.mitre.org/XMLSchema/oval-definitions-5#panos" xmlns:asa-def="http://oval.mitre.org/XMLSchema/oval-definitions-5#asa" xmlns:nxos-def="http://oval.mitre.org/XMLSchema/oval-definitions-5#nxos" xmlns:esx-def="http://oval.mitre.org/XMLSchema/oval-definitions-5#esx" xmlns:x-net-def="http://oval.mitre.org/XMLSchema/oval-definitions-5#x-protocols" xmlns:solaris-def="http://oval.mitre.org/XMLSchema/oval-definitions-5#solaris" xmlns:joval-meta="http://jovalcm.com/oval/metadata" xmlns:dcterms="http://purl.org/dc/terms/" xmlns:catos-def="http://oval.mitre.org/XMLSchema/oval-definitions-5#catos" xmlns:pixos-def="http://oval.mitre.org/XMLSchema/oval-definitions-5#pixos" xmlns:x-cmd-def="http://oval.mitre.org/XMLSchema/oval-definitions-5#cmd" xmlns:android-def="http://oval.mitre.org/XMLSchema/oval-definitions-5#android" xmlns:sharepoint-def="http://oval.mitre.org/XMLSchema/oval-definitions-5#sharepoint" xmlns:apple-ios-def="http://oval.mitre.org/XMLSchema/oval-definitions-5#apple_ios" xmlns:iosxe-def="http://oval.mitre.org/XMLSchema/oval-definitions-5#iosxe" xmlns:aix-def="http://oval.mitre.org/XMLSchema/oval-definitions-5#aix" xmlns:ind-def="http://oval.mitre.org/XMLSchema/oval-definitions-5#independent" xmlns:dc="http://purl.org/dc/elements/1.1/" xmlns="http://oval.mitre.org/XMLSchema/oval-definitions-5" xmlns:win-def="http://oval.mitre.org/XMLSchema/oval-definitions-5#windows" xmlns:dsig="http://www.w3.org/2000/09/xmldsig#" xmlns:netconf-def="http://oval.mitre.org/XMLSchema/oval-definitions-5#netconf" xmlns:hpux-def="http://oval.mitre.org/XMLSchema/oval-definitions-5#hpux" xmlns:apache-def="http://oval.mitre.org/XMLSchema/oval-definitions-5#apache" xmlns:ios-def="http://oval.mitre.org/XMLSchema/oval-definitions-5#ios" xmlns:linux-def="http://oval.mitre.org/XMLSchema/oval-definitions-5#linux" xmlns:tm="http://scap.nist.gov/schema/xml-dsig/1.0" xmlns:macos-def="http://oval.mitre.org/XMLSchema/oval-definitions-5#macos">
  <generator>
    <oval:product_name>Tanium Comply</oval:product_name>
    <oval:product_version>6.4.4.1</oval:product_version>
    <oval:schema_version>5.11.2</oval:schema_version>
    <oval:timestamp>2023-07-19T12:43:08.144+05:30</oval:timestamp>
  </generator>
  <definitions>
    <definition id="oval:org.tanium.unix.oracle.ebusiness.suite.cve:def:{data[cve_raw]}" version="1" class="vulnerability" deprecated="false">
      <metadata>
        <title>Oracle E-Business Suite {data[title]} - {data[cve]}</title>
        <affected family="unix">
          <platform>Linux</platform>
          <product>Oracle E-Business Suite</product>
        </affected>
        <reference source="CVE" ref_id="{data[cve]}" ref_url="https://nvd.nist.gov/vuln/detail/{data[cve]}"/>
        <reference source="VENDOR" ref_id="{data[adid]}" ref_url="https://www.oracle.com/security-alerts/{data[adid_r]}.html"/>
        <description>{data[desc]}</description>
      </metadata>
      <criteria operator="AND" negate="false">
        <extend_definition definition_ref="oval:org.tanium.unix.oracle.ebusiness.suite.cve:def:1001" negate="false" comment="Oracle E-Business Suite is installed on Linux"/>
        <criterion test_ref="oval:org.tanium.unix.oracle.ebusiness.suite.cve:tst:{data[cve_raw]}05" negate="false" comment="Check for Oracle E-Business Suite Oracle Applications Framework affected components for Linux"/>
        <criteria operator="OR" comment="Check for affected Versions and patches">
          {data[versions_criterion]}
        </criteria>
      </criteria>
    </definition>
    <definition id="oval:org.tanium.unix.oracle.ebusiness.suite.cve:def:1001" version="1" class="inventory" deprecated="false">
      <metadata>
        <title>Oracle E-Business Suite is installed on Linux</title>
        <affected family="unix">
          <platform>Linux</platform>
          <product>Oracle E-Business Suite</product>
        </affected>
        <reference source="CPE" ref_id="cpe:2.3:a:oracle:e-business_suite"/>
        <description>Oracle E-Business Suite is installed on Linux</description>
      </metadata>
      <criteria operator="AND" negate="false">
        <criterion test_ref="oval:org.tanium.unix.cve:tst:1000" negate="false" comment="Check installed OS is Unix family"/>
        <criterion test_ref="oval:org.tanium.unix.oracle.ebusiness.suite.cve:tst:1001" negate="false" comment="Check for Oracle E-Business Suite is installed on Linux"/>
      </criteria>
    </definition>
  </definitions>
  <tests>
    <family_test xmlns="http://oval.mitre.org/XMLSchema/oval-definitions-5#independent" id="oval:org.tanium.unix.cve:tst:1000" version="1" check_existence="at_least_one_exists" check="only one" state_operator="AND" comment="Check installed OS is Unix family" deprecated="false">
      <object object_ref="oval:org.tanium.unix.cve:obj:1000"/>
      <state state_ref="oval:org.tanium.unix.cve:ste:1000"/>
    </family_test>
    {data[versions_tests]}
    {data[pat_tests]}
    <file_test xmlns="http://oval.mitre.org/XMLSchema/oval-definitions-5#unix" id="oval:org.tanium.unix.oracle.ebusiness.suite.cve:tst:{data[cve_raw]}05" version="1" check_existence="at_least_one_exists" check="at least one" state_operator="AND" comment="Check for Oracle E-Business Suite Oracle Applications Framework affected components for Linux" deprecated="false">
      <object object_ref="oval:org.tanium.unix.oracle.ebusiness.suite.cve:obj:{data[cve_raw]}05"/>
    </file_test>
    <xmlfilecontent_test xmlns="http://oval.mitre.org/XMLSchema/oval-definitions-5#independent" id="oval:org.tanium.unix.oracle.ebusiness.suite.cve:tst:1001" version="1" check_existence="at_least_one_exists" check="at least one" state_operator="AND" comment="Check for Oracle E-Business Suite is installed on Linux" deprecated="false">
      <object object_ref="oval:org.tanium.unix.oracle.ebusiness.suite.cve:obj:1004"/>
      <state state_ref="oval:org.tanium.unix.oracle.ebusiness.suite.cve:ste:1001"/>
    </xmlfilecontent_test>
  </tests>
  <objects>
    <family_object xmlns="http://oval.mitre.org/XMLSchema/oval-definitions-5#independent" id="oval:org.tanium.unix.cve:obj:1000" version="1" comment="Object for Unix OS family" deprecated="false"/>
    <xmlfilecontent_object xmlns="http://oval.mitre.org/XMLSchema/oval-definitions-5#independent" id="oval:org.tanium.unix.oracle.ebusiness.suite.cve:obj:10031" version="1" comment="Object collects Oracle E-Business Suite version for Linux" deprecated="false">
      <filepath datatype="string" operation="pattern match" mask="false" var_ref="oval:org.tanium.unix.oracle.ebusiness.suite.cve:var:10021" var_check="at least one"/>
      <xpath datatype="string" operation="equals" mask="false">//patch_id[./following-sibling::base_bugs/bug[contains(@description, "EBS")]]/@number</xpath>
    </xmlfilecontent_object>
    <textfilecontent54_object xmlns="http://oval.mitre.org/XMLSchema/oval-definitions-5#independent" id="oval:org.tanium.unix.oracle.cve:obj:1001" version="1" comment="Object that collects /etc/oraInst.loc for Linux" deprecated="false">
      <filepath datatype="string" operation="equals" mask="false">/etc/oraInst.loc</filepath>
      <pattern datatype="string" operation="pattern match" mask="false">^inventory_loc=(.*)$</pattern>
      <instance datatype="int" operation="equals" mask="false">1</instance>
    </textfilecontent54_object>
    <xmlfilecontent_object xmlns="http://oval.mitre.org/XMLSchema/oval-definitions-5#independent" id="oval:org.tanium.unix.oracle.ebusiness.suite.cve:obj:1002" version="1" comment="Object for ^/home/.*/oraInventory.*/ContentsXML/inventory\.xml$" deprecated="false">
      <filepath datatype="string" operation="equals" mask="false" var_ref="oval:org.tanium.unix.oracle.ebusiness.suite.cve:var:1001" var_check="at least one"/>
      <xpath datatype="string" operation="equals" mask="false">/INVENTORY/HOME_LIST/HOME/@LOC</xpath>
    </xmlfilecontent_object>
    <xmlfilecontent_object xmlns="http://oval.mitre.org/XMLSchema/oval-definitions-5#independent" id="oval:org.tanium.unix.oracle.ebusiness.suite.cve:obj:1004" version="1" comment="Object for ^/home/.*/oraInventory.*/ContentsXML/inventory\.xml$" deprecated="false">
      <filepath datatype="string" operation="equals" mask="false" var_ref="oval:org.tanium.unix.oracle.ebusiness.suite.cve:var:1008" var_check="at least one"/>
      <xpath datatype="string" operation="equals" mask="false">//attribute/value/text()</xpath>
    </xmlfilecontent_object>
    <textfilecontent54_object xmlns="http://oval.mitre.org/XMLSchema/oval-definitions-5#independent" id="oval:org.tanium.unix.oracle.ebusiness.suite.cve:obj:1003" version="1" comment="Object collects Oracle E-Business Suite version for Linux" deprecated="false">
      <behaviors recurse_direction="down" max_depth="-1"/>
      <path datatype="string" operation="equals" var_ref="oval:org.tanium.unix.oracle.ebusiness.suite.cve:var:1002" var_check="at least one"/>
      <filename>EBSDB_apps.env</filename>
      <pattern datatype="string" operation="pattern match">^APPS_VERSION="([\d\.]+)"$</pattern>
      <instance datatype="int" operation="equals" mask="false">1</instance>
    </textfilecontent54_object>
    <file_object xmlns="http://oval.mitre.org/XMLSchema/oval-definitions-5#unix" id="oval:org.tanium.unix.oracle.ebusiness.suite.cve:obj:{data[cve_raw]}05" version="1" comment="Object that collects the vulnerable components file for EBS" deprecated="false">
      <behaviors recurse_direction="down" max_depth="-1"/>
      <path datatype="string" operation="equals" var_ref="oval:org.tanium.unix.oracle.ebusiness.suite.cve:var:1002" var_check="at least one"/>
      <filename>oafcore.js</filename>
      <filter xmlns="http://oval.mitre.org/XMLSchema/oval-definitions-5" action="include">oval:org.tanium.unix.oracle.ebusiness.suite.cve:ste:{data[cve_raw]}05</filter>
    </file_object>
  </objects>
  <states>
    <family_state xmlns="http://oval.mitre.org/XMLSchema/oval-definitions-5#independent" id="oval:org.tanium.unix.cve:ste:1000" version="1" operator="AND" comment="State for Unix family" deprecated="false">
      <family entity_check="all" check_existence="at_least_one_exists" datatype="string" operation="equals" mask="false">unix</family>
    </family_state>
    <file_state xmlns="http://oval.mitre.org/XMLSchema/oval-definitions-5#unix" id="oval:org.tanium.unix.oracle.ebusiness.suite.cve:ste:{data[cve_raw]}05" version="1" operator="AND" comment="State for Oracle E-Business Suite Components Check filter" deprecated="false">
      <path entity_check="at least one" check_existence="at_least_one_exists" datatype="string" operation="pattern match" mask="false">^.*applications/oacore/html$</path>
    </file_state>
    {data[pat_states]}
    <xmlfilecontent_state xmlns="http://oval.mitre.org/XMLSchema/oval-definitions-5#independent" id="oval:org.tanium.unix.oracle.ebusiness.suite.cve:ste:1001" version="1" operator="AND" comment="State for Oracle E-Business Suite Inventory" deprecated="false">
      <value_of datatype="string" entity_check="at least one" check_existence="at_least_one_exists" operation="pattern match" mask="false">^Oracle E-Business Suite .*$</value_of>
    </xmlfilecontent_state>
    {data[version_states]}
  </states>
  <variables>
    <local_variable id="oval:org.tanium.unix.oracle.ebusiness.suite.cve:var:1001" version="1" datatype="string" comment="Variable holds the path to inventory.xml" deprecated="false">
      <concat>
        <object_component object_ref="oval:org.tanium.unix.oracle.cve:obj:1001" item_field="subexpression"/>
        <literal_component datatype="string">/ContentsXML/inventory.xml</literal_component>
      </concat>
    </local_variable>
    <local_variable id="oval:org.tanium.unix.oracle.ebusiness.suite.cve:var:10021" version="1" datatype="string" comment="Variable holds the path to rdbms/admin" deprecated="false">
      <concat>
        <literal_component datatype="string">^</literal_component>
        <escape_regex>
          <object_component object_ref="oval:org.tanium.unix.oracle.ebusiness.suite.cve:obj:1002" item_field="value_of"/>
        </escape_regex>
        <literal_component datatype="string">/\.patch_storage/\w+/original_patch/etc/config/inventory\.xml$</literal_component>
      </concat>
    </local_variable>
    <local_variable id="oval:org.tanium.unix.oracle.ebusiness.suite.cve:var:1008" version="1" datatype="string" comment="Variable holds the path to rdbms/admin" deprecated="false">
      <concat>
        <object_component object_ref="oval:org.tanium.unix.oracle.ebusiness.suite.cve:obj:1002" item_field="value_of"/>
        <literal_component datatype="string">/shared-libs/ebsFMWManifest.xml</literal_component>
      </concat>
    </local_variable>
    <local_variable id="oval:org.tanium.unix.oracle.ebusiness.suite.cve:var:1002" version="1" datatype="string" comment="Variable holds the path to rdbms/admin" deprecated="false">
      <regex_capture pattern="^(\/[^\/]+).*$">
        <object_component object_ref="oval:org.tanium.unix.oracle.ebusiness.suite.cve:obj:1002" item_field="value_of"/>
      </regex_capture>
    </local_variable>
  </variables>
</oval_definitions>