<?xml version="1.0" encoding="UTF-8"?>
<oval_definitions xmlns:freebsd-def="http://oval.mitre.org/XMLSchema/oval-definitions-5#freebsd" xmlns:junos-def="http://oval.mitre.org/XMLSchema/oval-definitions-5#junos" xmlns:oval="http://oval.mitre.org/XMLSchema/oval-common-5" xmlns:unix-def="http://oval.mitre.org/XMLSchema/oval-definitions-5#unix" xmlns:pan-def="http://oval.mitre.org/XMLSchema/oval-definitions-5#panos" xmlns:asa-def="http://oval.mitre.org/XMLSchema/oval-definitions-5#asa" xmlns:nxos-def="http://oval.mitre.org/XMLSchema/oval-definitions-5#nxos" xmlns:esx-def="http://oval.mitre.org/XMLSchema/oval-definitions-5#esx" xmlns:x-net-def="http://oval.mitre.org/XMLSchema/oval-definitions-5#x-protocols" xmlns:solaris-def="http://oval.mitre.org/XMLSchema/oval-definitions-5#solaris" xmlns:joval-meta="http://jovalcm.com/oval/metadata" xmlns:dcterms="http://purl.org/dc/terms/" xmlns:catos-def="http://oval.mitre.org/XMLSchema/oval-definitions-5#catos" xmlns:pixos-def="http://oval.mitre.org/XMLSchema/oval-definitions-5#pixos" xmlns:x-cmd-def="http://oval.mitre.org/XMLSchema/oval-definitions-5#cmd" xmlns:android-def="http://oval.mitre.org/XMLSchema/oval-definitions-5#android" xmlns:sharepoint-def="http://oval.mitre.org/XMLSchema/oval-definitions-5#sharepoint" xmlns:apple-ios-def="http://oval.mitre.org/XMLSchema/oval-definitions-5#apple_ios" xmlns:iosxe-def="http://oval.mitre.org/XMLSchema/oval-definitions-5#iosxe" xmlns:aix-def="http://oval.mitre.org/XMLSchema/oval-definitions-5#aix" xmlns:ind-def="http://oval.mitre.org/XMLSchema/oval-definitions-5#independent" xmlns:dc="http://purl.org/dc/elements/1.1/" xmlns="http://oval.mitre.org/XMLSchema/oval-definitions-5" xmlns:win-def="http://oval.mitre.org/XMLSchema/oval-definitions-5#windows" xmlns:dsig="http://www.w3.org/2000/09/xmldsig#" xmlns:netconf-def="http://oval.mitre.org/XMLSchema/oval-definitions-5#netconf" xmlns:hpux-def="http://oval.mitre.org/XMLSchema/oval-definitions-5#hpux" xmlns:apache-def="http://oval.mitre.org/XMLSchema/oval-definitions-5#apache" xmlns:ios-def="http://oval.mitre.org/XMLSchema/oval-definitions-5#ios" xmlns:linux-def="http://oval.mitre.org/XMLSchema/oval-definitions-5#linux" xmlns:tm="http://scap.nist.gov/schema/xml-dsig/1.0" xmlns:macos-def="http://oval.mitre.org/XMLSchema/oval-definitions-5#macos">
  <generator>
    <oval:product_name>Tanium Comply</oval:product_name>
    <oval:product_version>6.5.0</oval:product_version>
    <oval:schema_version>5.11.2</oval:schema_version>
    <oval:timestamp>2023-10-03T11:17:51.144+05:30</oval:timestamp>
  </generator>
  <definitions>
    <definition id="oval:org.tanium.solaris.oracle.goldengate.cve:def:1001" version="1" class="inventory" deprecated="false">
      <metadata>
        <title>Oracle GoldenGate is installed on Linux</title>
        <affected family="unix">
          <platform>Oracle Solaris</platform>
          <product>Oracle GoldenGate</product>
        </affected>
        <reference source="CPE" ref_id="cpe:2.3:a:oracle:goldengate"/>
        <description>Oracle GoldenGate is installed on Linux</description>
      </metadata>
    <criteria operator="AND" negate="false">
        <criterion test_ref="oval:org.tanium.solaris.cve:tst:1000" negate="false" comment="Check installed OS is SunOS family"/>
        <criterion test_ref="oval:org.tanium.solaris.oracle.cve:tst:1001" negate="false" comment="Check for /var/opt/oracle/oraInst.loc existance on Solaris"/>
        <criterion test_ref="oval:org.tanium.solaris.oracle.goldengate.cve:tst:1001" negate="false" comment="Oracle GoldenGate is installed on solaris"/>
      </criteria>
    </definition>
    <definition id="oval:org.tanium.solaris.oracle.goldengate.cve:def:{data[cve_raw]}" version="1" class="vulnerability" deprecated="false">
      <metadata>
        <title>Oracle GoldenGate {data[title]} - {data[cve]}</title>
        <affected family="unix">
          <platform>Oracle Solaris</platform>
          <product>Oracle GoldenGate</product>
        </affected>
        <reference source="CVE" ref_id="{data[cve]}" ref_url="https://nvd.nist.gov/vuln/detail/{data[cve]}"/>
        <reference source="VENDOR" ref_id="{data[adid]}" ref_url="https://www.oracle.com/security-alerts/{data[adid_r]}.html"/>
        <description>{data[desc]}</description>
      </metadata>
      <criteria operator="AND" negate="false">
        <extend_definition definition_ref="oval:org.tanium.solaris.oracle.goldengate.cve:def:1001" negate="false" comment="Oracle GoldenGate is installed on Linux"/>
        <criteria operator="OR" comment="Check for affected Versions and patches">
          {data[versions_criterion]}
        </criteria>
      </criteria>
    </definition>
  </definitions>
  <tests>
   <uname_test xmlns="http://oval.mitre.org/XMLSchema/oval-definitions-5#unix" id="oval:org.tanium.solaris.cve:tst:1000" version="1" check_existence="at_least_one_exists" check="only one" state_operator="AND" comment="Check installed OS is Solaris family" deprecated="false">
    <object object_ref="oval:org.tanium.solaris.cve:obj:1000"/>
    <state state_ref="oval:org.tanium.solaris.cve:ste:1000"/>
  </uname_test>
  {data[versions_tests]}
  {data[pat_tests]}
  <xmlfilecontent_test xmlns="http://oval.mitre.org/XMLSchema/oval-definitions-5#independent" id="oval:org.tanium.solaris.oracle.goldengate.cve:tst:1001" version="1" check_existence="at_least_one_exists" check="at least one" state_operator="AND" comment="Oracle GoldenGate is installed on solaris" deprecated="false">
    <object object_ref="oval:org.tanium.solaris.oracle.goldengate.cve:obj:1000"/>
    <state state_ref="oval:org.tanium.solaris.oracle.goldengate.cve:ste:1001"/>
  </xmlfilecontent_test>
  <textfilecontent54_test xmlns="http://oval.mitre.org/XMLSchema/oval-definitions-5#independent" id="oval:org.tanium.solaris.oracle.cve:tst:1001" version="1" check_existence="at_least_one_exists" check="at least one" state_operator="OR" comment="Check for /var/opt/oracle/oraInst.loc existance on Linux" deprecated="false">
    <object object_ref="oval:org.tanium.solaris.oracle.cve:obj:1001"/>
    <state state_ref="oval:org.tanium.solaris.oracle.cve:ste:1001"/>
  </textfilecontent54_test>
</tests>
<objects>
  <uname_object xmlns="http://oval.mitre.org/XMLSchema/oval-definitions-5#unix" id="oval:org.tanium.solaris.cve:obj:1000" version="1" comment="Object for Solaris OS family" deprecated="false"/>
  <xmlfilecontent_object xmlns="http://oval.mitre.org/XMLSchema/oval-definitions-5#independent" id="oval:org.tanium.solaris.oracle.goldengate.cve:obj:1000" version="1" comment="Object for GoldenGate" deprecated="false">
    <filepath datatype="string" operation="equals" mask="false" var_ref="oval:org.tanium.solaris.oracle.goldengate.cve:var:1002" var_check="at least one"/>
    <xpath datatype="string" operation="equals" mask="false">//COMP[contains(@NAME, "oracle.oggcore")]/EXT_NAME/text()</xpath>
  </xmlfilecontent_object>
  {data[pat_objects]}
  <xmlfilecontent_object xmlns="http://oval.mitre.org/XMLSchema/oval-definitions-5#independent" id="oval:org.tanium.solaris.oracle.goldengate.cve:obj:1001" version="1" comment="Object for path to //INVENTORY/HOME_LIST/HOME/@LOC" deprecated="false">
    <filepath datatype="string" operation="equals" mask="false" var_ref="oval:org.tanium.solaris.oracle.cve:var:1001" var_check="at least one"/>
    <xpath datatype="string" operation="equals" mask="false">/INVENTORY/HOME_LIST/HOME[contains(translate(@NAME,"ABCDEFGHIJKLMNOPQRSTUVWXYZ","abcdefghijklmnopqrstuvwxyz"),"oraclehome") or contains(translate(@NAME,"ABCDEFGHIJKLMNOPQRSTUVWXYZ","abcdefghijklmnopqrstuvwxyz"),"orahome") or starts-with(translate(@NAME,"ABCDEFGHIJKLMNOPQRSTUVWXYZ","abcdefghijklmnopqrstuvwxyz"),"oh")]/@LOC</xpath>
  </xmlfilecontent_object>
  <textfilecontent54_object xmlns="http://oval.mitre.org/XMLSchema/oval-definitions-5#independent" id="oval:org.tanium.solaris.oracle.cve:obj:1001" version="1" comment="Object that collects /var/opt/oracle/oraInst.loc for Linux" deprecated="false">
    <filepath datatype="string" operation="equals" mask="false">/var/opt/oracle/oraInst.loc</filepath>
    <pattern datatype="string" operation="pattern match" mask="false">^inventory_loc=(.*)$</pattern>
    <instance datatype="int" operation="equals" mask="false">1</instance>
  </textfilecontent54_object>
  <xmlfilecontent_object xmlns="http://oval.mitre.org/XMLSchema/oval-definitions-5#independent" id="oval:org.tanium.solaris.oracle.goldengate.cve:obj:1002" version="1" comment="Object for GoldenGate 11g version" deprecated="false">
    <filepath datatype="string" operation="equals" mask="false" var_ref="oval:org.tanium.solaris.oracle.goldengate.cve:var:1002" var_check="at least one"/>
    <xpath datatype="string" operation="equals" mask="false">//COMP[@NAME="oracle.oggcore.ora11g"]/@VER</xpath>
    <filter xmlns="http://oval.mitre.org/XMLSchema/oval-definitions-5" action="include">oval:org.tanium.solaris.oracle.cve:ste:1000</filter>
  </xmlfilecontent_object>
  <xmlfilecontent_object xmlns="http://oval.mitre.org/XMLSchema/oval-definitions-5#independent" id="oval:org.tanium.solaris.oracle.goldengate.cve:obj:1003" version="1" comment="Object for GoldenGate 12c version" deprecated="false">
    <filepath datatype="string" operation="equals" mask="false" var_ref="oval:org.tanium.solaris.oracle.goldengate.cve:var:1002" var_check="at least one"/>
    <xpath datatype="string" operation="equals" mask="false">//COMP[@NAME="oracle.oggcore.ora12c"]/@VER</xpath>
    <filter xmlns="http://oval.mitre.org/XMLSchema/oval-definitions-5" action="include">oval:org.tanium.solaris.oracle.cve:ste:1000</filter>
  </xmlfilecontent_object>
  <file_object xmlns="http://oval.mitre.org/XMLSchema/oval-definitions-5#unix" id="oval:org.tanium.solaris.oracle.goldengate.cve:obj:1004" version="1" comment="Object for .patch_storage/folders" deprecated="false">
    <behaviors max_depth="1" recurse="directories" recurse_direction="down" recurse_file_system="all"/>
    <path datatype="string" operation="equals" mask="false" var_ref="oval:org.tanium.solaris.oracle.goldengate.cve:var:1005" var_check="at least one"/>
    <filename xmlns:xsi="http://www.w3.org/2001/XMLSchema-instance" datatype="string" operation="equals" mask="false" xsi:nil="true"/>
  </file_object>
</objects>
<states>
 <uname_state xmlns="http://oval.mitre.org/XMLSchema/oval-definitions-5#unix" id="oval:org.tanium.solaris.cve:ste:1000" version="1" operator="AND" comment="State for Solaris family" deprecated="false">
  <os_name entity_check="all" check_existence="at_least_one_exists" datatype="string" operation="equals" mask="false">Sunos</os_name>
</uname_state>
<xmlfilecontent_state xmlns="http://oval.mitre.org/XMLSchema/oval-definitions-5#independent" id="oval:org.tanium.solaris.oracle.goldengate.cve:ste:1000" version="1" operator="AND" comment="State for Oracle GoldenGate" deprecated="false">
  <value_of entity_check="all" check_existence="at_least_one_exists" datatype="string" operation="pattern match" mask="false">^[0-9]*$</value_of>
</xmlfilecontent_state>
<xmlfilecontent_state xmlns="http://oval.mitre.org/XMLSchema/oval-definitions-5#independent" id="oval:org.tanium.solaris.oracle.cve:ste:1000" version="1" operator="AND" comment="State for any decimal value" deprecated="false">
  <value_of entity_check="all" check_existence="at_least_one_exists" datatype="string" operation="pattern match" mask="false">^[0-9\.]*$</value_of>
</xmlfilecontent_state>
<textfilecontent54_state xmlns="http://oval.mitre.org/XMLSchema/oval-definitions-5#independent" id="oval:org.tanium.solaris.oracle.cve:ste:1001" version="1" operator="AND" comment="State for any value" deprecated="false">
  <subexpression entity_check="at least one" check_existence="at_least_one_exists" datatype="string" operation="pattern match" mask="false">^.+$</subexpression>
</textfilecontent54_state>
<xmlfilecontent_state xmlns="http://oval.mitre.org/XMLSchema/oval-definitions-5#independent" id="oval:org.tanium.solaris.oracle.goldengate.cve:ste:1001" version="1" operator="AND" comment="State for Oracle GoldenGate" deprecated="false">
  <value_of entity_check="at least one" check_existence="at_least_one_exists" datatype="string" operation="equals" mask="false">Oracle GoldenGate Core</value_of>
</xmlfilecontent_state>
{data[pat_states]}
{data[version_states]}
</states>
<variables>
  <local_variable id="oval:org.tanium.solaris.oracle.goldengate.cve:var:1002" version="1" datatype="string" comment="Variable holds the patch path to for Oracle GoldenGate " deprecated="false">
    <concat>
      <object_component object_ref="oval:org.tanium.solaris.oracle.goldengate.cve:obj:1001" item_field="value_of"/>
      <literal_component datatype="string">/inventory/ContentsXML/comps.xml</literal_component>
    </concat>
  </local_variable>
  <local_variable id="oval:org.tanium.solaris.oracle.cve:var:1001" version="1" datatype="string" comment="Variable holds the path to ORACLE_HOME/ContentsXML/inventory.xml" deprecated="false">
    <concat>
      <object_component object_ref="oval:org.tanium.solaris.oracle.cve:obj:1001" item_field="subexpression"/>
      <literal_component datatype="string">/ContentsXML/inventory.xml</literal_component>
    </concat>
  </local_variable>
  <local_variable id="oval:org.tanium.solaris.oracle.goldengate.cve:var:1005" version="1" datatype="string" comment="Variable holds the path to rdbms/admin" deprecated="false">
    <concat>
      <object_component object_ref="oval:org.tanium.solaris.oracle.goldengate.cve:obj:1001" item_field="value_of"/>
      <literal_component datatype="string">/.patch_storage</literal_component>
    </concat>
  </local_variable>
  <local_variable id="oval:org.tanium.solaris.oracle.goldengate.cve:var:1004" version="1" datatype="string" comment="Variable holds the patch path to for Oracle GoldenGate" deprecated="false">
    <concat>
      <object_component object_ref="oval:org.tanium.solaris.oracle.goldengate.cve:obj:1004" item_field="path"/>
      <literal_component datatype="string">/original_patch/etc/config/inventory.xml</literal_component>
    </concat>
  </local_variable>
</variables>
</oval_definitions>





